"Contcod_2008","Group_2008","RRinc_2008","Quintile(AGG)_2008","Pop(SUM)_2008"
"MLI",2,223,0,166.03
"COD",10,620,6,1862.58
"CAF",3,183,0,131.16
"KEN",2,167,0,106.37
"CHE",1,,0,0.76
"ROU",8,3267,15,4591.45
"BDI",2,168,0,107.16
"ECU",1,348,2,632.70
"DEU",7,15677,18,5679.51
"NER",9,922,9,2768.63
"PSE",10,10359,17,5411.77
"BDI",1,144,0,93.49
"MWI",1,136,0,90.74
"PAK",7,773,7,2384.44
"COD",3,76,0,23.85
"LKA",6,1111,10,3069.58
"LKA",10,4705,15,4867.97
"USA",8,29048,19,5981.57
"ZMB",1,74,0,17.18
"MOZ",2,184,0,133.39
"COD",1,38,0,7.01
"ECU",4,1448,11,3421.34
"LBR",5,236,0,188.17
"URY",7,4837,16,4899.37
"LBR",1,77,0,24.21
"LKA",4,803,7,2436.85
"COL",1,196,0,145.17
"ALB",3,1162,10,3112.67
"COD",2,60,0,13.25
"EGY",5,1056,9,3027.41
"BFA",1,193,0,136.30
"HUN",10,10733,17,5413.91
"HND",1,63,0,13.99
"EGY",1,542,5,1540.71
"SVK",2,2809,14,4318.05
"NGA",5,278,1,362.96
"PHL",3,527,4,1490.05
"COD",5,110,0,57.20
"TLS",5,503,4,1340.47
"PHL",5,781,7,2415.41
"SLV",4,1285,10,3311.04
"MDA",5,1633,11,3639.61
"CAF",1,75,0,17.60
"GTM",5,1207,10,3214.10
"BDI",3,193,0,134.75
"PSE",2,1562,11,3627.23
"BDI",5,250,0,211.59
"THA",9,4011,15,4780.11
"ZMB",7,415,3,996.41
"MDG",1,74,0,15.94
"TLS",6,569,5,1588.10
"TGO",1,221,0,160.36
"CRI",5,2594,13,4229.67
"MNE",10,10389,17,5411.83
"NGA",1,84,0,39.28
"SLV",7,2376,13,4122.48
"BRA",5,2199,13,4101.32
"COD",4,92,0,45.53
"PER",9,4971,16,4905.00
"MDG",2,108,0,47.48
"LBR",2,133,0,83.09
"FIN",4,9435,17,5333.51
"IND-U",5,595,5,1798.90
"MOZ",1,108,0,49.72
"MNE",9,6310,16,5031.68
"EGY",6,1184,10,3208.96
"BRA",7,3505,15,4657.35
"NGA",4,223,0,181.10
"MDG",5,215,0,158.99
"UGA",1,193,0,139.44
"ZMB",2,108,0,50.95
"CAF",10,2839,14,4406.78
"KEN",3,209,0,150.79
"CZE",9,9227,17,5324.63
"KEN",1,112,0,61.05
"NPL",8,969,9,2903.43
"FIN",9,18257,18,5774.83
"FJI",9,2491,13,4208.64
"BOL",1,116,0,62.01
"TZA",1,124,0,66.24
"SYC",1,917,9,2762.65
"COD",7,164,0,102.52
"NGA",2,127,0,81.30
"CZE",4,5202,16,4937.64
"AZE",1,828,8,2566.61
"GEO",9,2149,13,4068.45
"ZAF",6,1445,11,3419.93
"RWA",1,128,0,82.30
"GIN",7,669,6,1983.33
"RWA",3,226,0,183.54
"CHN-R",5,687,6,2107.17
"ECU",10,11996,18,5498.42
"PAN",6,2199,13,4101.66
"ZMB",3,148,0,94.73
"COD",6,134,0,89.34
"BTN",7,1352,11,3397.42
"MRT",1,246,0,195.01
"CAF",2,132,0,82.73
"ARM",1,569,5,1587.32
"KEN",9,520,4,1474.78
"MNE",4,3045,14,4442.96
"HUN",8,5873,16,5022.40
"MOZ",4,291,1,457.48
"YEM",4,476,4,1224.57
"MDG",3,142,0,92.70
"YEM",6,634,6,1871.45
"SWZ",1,159,0,94.83
"CAN",4,14619,18,5637.24
"NPL",5,617,6,1855.74
"TGO",9,1035,9,3018.10
"BTN",4,806,7,2437.65
"JOR",9,3570,15,4717.04
"CIV",1,235,0,187.81
"MWI",2,206,0,146.94
"YEM",1,233,0,185.91
"ARM",5,1189,10,3209.27
"ARM",8,1796,12,3863.17
"MLI",1,161,0,96.28
"PSE",1,1173,10,3200.60
"RWA",2,182,0,130.73
"SWZ",2,229,0,183.65
"MRT",3,474,4,1221.31
"LBR",3,168,0,107.53
"SWZ",6,643,6,1882.19
"SWE",4,10737,17,5414.84
"PRT",1,2182,13,4074.02
"NGA",3,173,0,122.60
"GBR",9,29434,19,5987.71
"SYC",9,5293,16,4959.72
"LKA",2,556,5,1578.94
"TZA",2,176,0,126.82
"BFA",10,2167,13,4072.96
"MOZ",3,238,0,190.41
"GRC",3,5452,16,4966.98
"NPL",9,1220,10,3228.75
"KGZ",7,1637,11,3640.14
"MAR",3,921,9,2765.78
"MEX",10,14636,18,5649.22
"TZA",3,222,0,164.59
"BFA",8,771,7,2367.07
"MDG",4,177,0,128.78
"MEX",2,959,9,2893.40
"LBR",4,201,0,145.54
"GIN",1,181,0,129.73
"COL",6,1884,12,3901.78
"NIC",1,185,0,133.96
"ZMB",4,193,0,140.67
"COD",8,210,0,157.03
"ISR",6,7886,17,5236.97
"NOR",7,19285,19,5848.22
"BOL",8,2909,14,4417.30
"BDI",4,220,0,159.78
"NER",1,225,0,182.54
"CHL",2,1617,11,3637.10
"ARG",5,4123,15,4793.36
"TJK",5,949,9,2806.89
"AUT",7,15576,18,5670.00
"CAF",4,239,0,190.83
"HUN",3,3125,14,4458.73
"KEN",4,245,0,194.68
"TUR",5,2669,13,4261.85
"NIC",4,823,8,2529.56
"BGD",1,247,0,209.55
"ZMB",5,249,0,210.79
"BIH",5,4214,15,4822.02
"ISR",2,2768,13,4269.27
"GIN",2,252,0,212.54
"MNG",10,5610,16,4987.57
"GTM",4,938,9,2782.78
"IND-R",6,576,5,1673.45
"CHN-R",3,482,4,1317.11
"LAO",1,252,0,213.15
"TGO",3,362,2,743.87
"PRT",6,6931,16,5151.16
"AUT",9,21493,19,5866.49
"GTM",1,254,0,214.51
"KOS",1,626,6,1865.52
"BFA",2,259,0,216.07
"DOM",9,4643,15,4861.33
"MDG",6,259,0,218.02
"MDG",9,520,4,1476.73
"UKR",8,4670,15,4865.95
"NLD",9,22357,19,5880.87
"ITA",8,14915,18,5655.97
"BFA",4,389,2,834.46
"MKD",4,1830,12,3874.38
"MWI",3,262,0,219.42
"IDN-U",8,1126,10,3098.76
"IND-U",1,265,0,254.60
"MYS",4,2341,13,4120.24
"TJK",6,1084,9,3040.31
"KHM",1,313,1,500.90
"MNG",4,1247,10,3229.68
"JPN",2,5580,16,4980.58
"TLS",1,267,0,254.71
"IND-R",1,268,1,338.62
"TGO",10,1825,12,3874.17
"USA",4,12725,18,5566.76
"SDN",1,268,1,341.86
"MRT",2,363,2,744.20
"ARG",6,5081,16,4914.38
"SGP",2,4425,15,4844.19
"EST",1,1939,12,3919.15
"TZA",4,268,1,346.09
"GEO",1,271,1,346.52
"BRA",8,4747,16,4889.42
"SLV",3,1014,9,2947.00
"RWA",4,273,1,347.52
"LBR",6,274,1,347.89
"NIC",8,2014,12,3953.99
"SDN",6,865,8,2594.46
"KEN",5,279,1,366.80
"NGA",6,344,1,592.50
"MLI",3,284,1,368.25
"UGA",2,286,1,447.55
"VEN",7,2578,13,4229.22
"SYC",8,3952,15,4769.43
"CHN-R",1,285,1,443.62
"CHN-U",5,1779,12,3854.46
"FIN",10,29462,19,5988.24
"KEN",7,367,2,748.05
"BDI",6,286,1,444.42
"CHN-U",7,2379,13,4179.57
"CZE",6,6244,16,5030.93
"MAR",7,1801,12,3867.08
"IRQ",9,1921,12,3917.26
"CHN-U",8,2813,14,4375.14
"EST",7,6490,16,5040.99
"NER",2,288,1,448.99
"LVA",1,1364,11,3397.65
"COD",9,289,1,455.24
"KHM",5,647,6,1896.06
"FIN",6,11821,18,5493.50
"PAK",1,344,1,609.24
"TGO",2,293,1,458.05
"NPL",1,296,1,460.94
"IDN-U",1,302,1,473.03
"BGD",2,303,1,487.58
"HRV",8,10747,17,5415.28
"CAF",5,303,1,488.01
"BEL",9,18679,18,5796.70
"SWZ",3,309,1,488.11
"IDN-R",1,312,1,499.51
"SVK",9,6802,16,5135.62
"IND-R",4,460,3,1183.87
"MDG",7,313,1,502.85
"HND",2,316,1,503.58
"THA",4,1389,11,3406.39
"PRY",3,1095,9,3044.50
"YEM",3,409,3,962.44
"MAR",1,514,4,1464.56
"MWI",4,316,1,504.98
"GEO",5,942,9,2785.37
"VEN",1,316,1,507.77
"CMR",2,529,4,1491.92
"PAK",2,414,3,995.18
"MYS",2,1324,11,3366.85
"VEN",5,1733,12,3792.56
"COL",2,565,5,1587.01
"TZA",5,317,1,512.00
"ZMB",6,320,1,513.24
"GIN",3,321,1,514.20
"HUN",1,1761,12,3794.52
"CYP",2,4487,15,4846.87
"KEN",6,321,1,518.04
"LBR",7,321,1,518.41
"PHL",1,322,1,527.42
"TLS",8,760,7,2365.21
"LAO",3,393,2,850.38
"ARM",9,2192,13,4079.96
"CRI",3,1724,12,3788.89
"BFA",3,324,1,528.98
"LAO",2,325,1,529.58
"VEN",4,1412,11,3414.32
"ALB",5,1548,11,3614.37
"LUX",7,22173,19,5878.75
"RWA",5,326,1,530.58
"VNM",1,326,1,539.09
"URY",4,2522,13,4224.88
"TLS",2,328,1,539.20
"BDI",7,332,1,539.99
"CAN",2,9160,17,5322.98
"GRC",8,11898,18,5495.36
"YEM",2,336,1,542.26
"THA",1,705,7,2152.99
"IND-R",5,514,4,1461.42
"IRQ",6,1165,10,3191.42
"IND-U",2,344,1,577.43
"URY",2,1507,11,3464.42
"EST",3,3802,15,4764.29
"TWN",3,7052,17,5207.85
"MLI",4,345,2,610.69
"BRA",1,346,2,629.84
"NER",3,346,2,631.29
"HND",4,805,7,2437.58
"MOZ",5,350,2,634.93
"IND-R",2,353,2,718.84
"MRT",5,698,6,2107.50
"IND-R",3,408,3,959.64
"CIV",2,354,2,720.74
"BTN",9,2150,13,4068.52
"NPL",4,535,4,1522.21
"BGD",3,357,2,735.28
"ROU",10,6915,16,5149.09
"UGA",3,357,2,738.42
"EGY",4,944,9,2793.20
"MYS",8,5829,16,5009.42
"SGP",1,2711,13,4264.34
"ZAF",1,361,2,743.30
"LAO",10,2290,13,4114.54
"TZA",6,370,2,752.28
"FIN",2,7046,17,5205.55
"PSE",6,3128,14,4459.89
"SRB",2,1479,11,3463.02
"MWI",5,378,2,753.68
"NPL",2,379,2,756.57
"BTN",1,381,2,756.64
"IDN-U",2,398,2,864.64
"MYS",3,1809,12,3872.72
"CAF",6,381,2,757.06
"LBR",8,383,2,757.43
"VEN",3,1092,9,3043.87
"MLI",6,485,4,1322.45
"CHN-R",2,385,2,832.80
"ZAF",2,471,3,1219.60
"TLS",3,386,2,832.91
"DOM",4,1391,11,3407.36
"MDG",8,389,2,836.41
"DOM",5,1719,12,3788.17
"RWA",6,391,2,837.41
"LBR",10,980,9,2904.59
"GIN",4,392,2,838.37
"RWA",9,820,8,2525.70
"IDN-R",2,392,2,849.77
"BOL",2,432,3,1063.96
"KHM",2,394,2,851.76
"BRA",4,1708,12,3774.24
"BDI",8,398,2,852.55
"SDN",2,398,2,867.89
"TGO",4,430,3,1059.16
"PER",8,3604,15,4725.36
"BIH",7,5866,16,5021.40
"COL",3,839,8,2581.15
"SWZ",4,398,2,867.99
"PRY",1,402,2,868.61
"VNM",4,641,6,1882.08
"CMR",1,403,2,870.49
"RUS",2,1968,12,3942.50
"CHN-U",9,3541,15,4715.21
"LVA",8,6911,16,5146.94
"GEO",7,1346,11,3395.76
"MAR",4,1100,10,3065.85
"NER",4,403,2,871.93
"GTM",3,705,7,2146.16
"FJI",1,447,3,1082.61
"UGA",8,907,8,2677.03
"PER",1,403,2,874.78
"PAN",1,406,2,875.12
"SLV",1,407,2,875.73
"LAO",8,858,8,2586.98
"KGZ",1,409,3,960.17
"BGD",4,410,3,976.99
"AUT",3,9453,17,5340.78
"MLI",5,410,3,978.43
"MOZ",6,418,3,998.65
"FJI",2,602,5,1799.98
"PHL",2,422,3,1007.66
"TJK",1,422,3,1008.33
"HRV",3,5199,16,4936.60
"SRB",1,1105,10,3067.55
"IND-U",3,423,3,1043.51
"BGR",10,7280,17,5209.47
"KHM",7,878,8,2604.35
"VNM",3,538,5,1532.88
"NER",8,730,7,2239.30
"NGA",7,427,3,1058.58
"KEN",8,431,3,1063.00
"IRQ",3,774,7,2394.55
"UGA",4,433,3,1067.10
"VNM",2,434,3,1075.61
"SLV",2,754,7,2349.95
"NIC",2,435,3,1076.17
"IDN-U",6,795,7,2434.83
"TZA",7,435,3,1080.40
"LKA",1,436,3,1082.42
"BFA",9,1003,9,2907.01
"TLS",4,443,3,1082.53
"CYP",4,6008,16,5023.89
"LAO",7,720,7,2230.02
"MEX",1,448,3,1093.68
"ISR",9,15227,18,5662.84
"ISR",1,1441,11,3415.06
"GEO",2,450,3,1094.11
"KHM",8,1056,9,3028.80
"CHL",9,8844,17,5315.19
"CAF",7,482,4,1241.74
"ROU",1,482,4,1319.27
"PSE",8,4371,15,4828.45
"MWI",6,452,3,1095.51
"BFA",5,458,3,1097.07
"UKR",10,8768,17,5302.59
"CHE",3,10092,17,5403.39
"NPL",3,458,3,1099.96
"LAO",4,462,3,1184.47
"VEN",10,8725,17,5283.77
"IDN-R",3,465,3,1195.87
"HUN",2,2566,13,4226.42
"HND",3,544,5,1558.19
"BGD",5,466,3,1210.42
"NER",5,466,3,1211.86
"GIN",5,470,3,1212.82
"KHM",9,1365,11,3399.03
"ZAF",4,810,8,2521.23
"CIV",3,471,3,1214.72
"KHM",3,474,4,1220.98
"RWA",7,475,4,1222.31
"PAK",3,479,4,1241.32
"CRI",6,3212,14,4566.63
"LBR",9,484,4,1319.63
"ALB",8,2355,13,4121.29
"GTM",2,485,4,1321.00
"IDN-U",3,488,4,1334.54
"PAK",9,1099,10,3061.84
"IRQ",1,497,4,1337.56
"RUS",9,8727,17,5297.97
"PAK",6,683,6,2018.99
"KOR",3,6837,16,5140.52
"NIC",5,1044,9,3018.97
"ESP",3,6442,16,5040.09
"MOZ",7,502,4,1339.79
"SVK",1,1729,12,3789.77
"TGO",5,503,4,1340.37
"FJI",3,755,7,2350.04
"USA",5,15782,18,5709.95
"IND-U",4,506,4,1375.65
"BOL",6,1715,12,3787.03
"DOM",1,507,4,1376.62
"SWZ",5,507,4,1376.72
"UGA",9,1199,10,3212.73
"BDI",9,511,4,1377.52
"ALB",4,1352,11,3397.35
"SDN",3,514,4,1467.80
"BGD",6,530,4,1506.47
"UGA",5,516,4,1470.93
"BTN",2,523,4,1476.80
"CMR",5,946,9,2804.09
"ARM",2,767,7,2365.52
"TZA",8,523,4,1481.03
"NER",6,533,4,1507.92
"TUR",7,3728,15,4764.15
"VEN",2,810,8,2516.35
"PSE",5,2691,13,4263.65
"IDN-R",4,534,4,1519.32
"PHL",4,644,6,1894.22
"FIN",3,8352,17,5271.84
"LAO",5,536,4,1522.81
"MLI",9,912,9,2762.38
"TUR",1,773,7,2391.53
"BTN",6,1136,10,3103.33
"BFA",6,538,4,1524.37
"POL",9,6941,16,5155.41
"AZE",9,3549,15,4716.46
"PAK",4,542,5,1557.45
"JOR",5,1779,12,3855.03
"USA",10,72925,19,6101.86
"NGA",8,546,5,1573.25
"MWI",7,549,5,1574.65
"CHN-U",3,1276,10,3290.83
"SWE",7,14620,18,5638.16
"YEM",5,551,5,1576.91
"MEX",8,4156,15,4805.59
"UGA",10,2959,14,4425.06
"KHM",4,557,5,1580.32
"PSE",7,3654,15,4741.50
"JOR",10,6560,16,5056.50
"PRT",9,12511,18,5514.26
"IND-R",7,650,6,1979.96
"GIN",6,559,5,1581.27
"AZE",5,1817,12,3873.60
"ZMB",8,560,5,1582.51
"IND-U",6,699,7,2142.68
"TJK",2,569,5,1587.99
"MLI",7,575,5,1589.54
"TJK",4,823,8,2530.22
"SRB",8,3442,15,4636.73
"GRC",9,14555,18,5633.91
"CHN-R",4,582,5,1748.83
"ARG",2,1683,12,3671.18
"IDN-U",4,582,5,1760.92
"MRT",7,982,9,2904.92
"NIC",6,1291,10,3311.69
"MRT",4,583,5,1761.25
"CHN-R",7,958,9,2882.26
"BGD",7,607,5,1825.94
"HRV",4,6036,16,5024.33
"TGO",6,583,5,1761.82
"CIV",4,588,5,1763.72
"DOM",7,2620,13,4247.68
"SWZ",8,1092,9,3041.08
"RWA",8,597,5,1799.90
"SGP",4,7826,17,5236.24
"CHN-R",6,809,8,2513.03
"IDN-R",5,606,5,1811.39
"PAK",5,609,6,1842.68
"CHN-U",4,1525,11,3601.56
"CYP",9,11490,17,5483.09
"MNG",1,611,6,1842.95
"SLV",6,1908,12,3902.83
"PER",2,736,7,2247.86
"UGA",6,612,6,1846.08
"SWE",1,5262,16,4945.51
"LKA",9,2121,13,4066.54
"GEO",3,616,6,1846.52
"NER",7,616,6,1847.97
"DNK",4,10683,17,5412.91
"RUS",1,1448,11,3435.54
"CHE",2,6466,16,5040.86
"ZAF",3,616,6,1852.84
"MYS",9,8059,17,5251.05
"CIV",6,854,8,2583.62
"PAN",5,1725,12,3789.23
"LAO",6,618,6,1856.34
"PHL",6,944,9,2802.22
"SRB",9,4170,15,4810.14
"KGZ",2,620,6,1863.12
"IND-R",8,749,7,2347.96
"MOZ",8,620,6,1865.35
"SDN",4,627,6,1868.77
"AZE",2,1100,10,3062.72
"CAF",8,628,6,1869.19
"BFA",7,636,6,1873.01
"EGY",7,1335,11,3388.76
"NIC",3,636,6,1873.57
"PRT",4,5227,16,4943.60
"IRQ",2,644,6,1885.20
"CRI",1,645,6,1894.67
"KEN",10,791,7,2419.46
"TLS",7,650,6,1980.07
"PSE",4,2305,13,4114.93
"CHN-U",2,1018,9,3004.10
"CMR",3,658,6,1981.95
"VNM",10,2888,14,4415.29
"MDA",1,660,6,1982.30
"MEX",9,5853,16,5021.02
"KOS",4,1315,10,3354.98
"BTN",3,663,6,1982.37
"KGZ",10,4573,15,4858.31
"TZA",9,672,6,1987.56
"SRB",4,2067,13,4041.15
"ARM",3,907,8,2662.49
"ISL",4,17722,18,5746.17
"LKA",3,676,6,1989.58
"BGD",9,892,8,2640.74
"TGO",7,681,6,1990.16
"SDN",10,2616,13,4246.72
"IDN-U",5,682,6,2002.25
"IDN-R",6,685,6,2030.40
"MWI",8,686,6,2031.80
"VNM",7,1018,9,3012.61
"BGR",7,3536,15,4658.12
"MLI",8,700,7,2144.12
"MRT",10,3201,14,4566.18
"TJK",3,700,7,2144.79
"KOS",8,2331,13,4117.48
"NPL",6,708,7,2155.88
"BGD",8,712,7,2170.43
"MKD",3,1466,11,3457.52
"EST",10,14287,18,5611.44
"ECU",2,794,7,2420.86
"CIV",5,713,7,2172.32
"CHN-U",1,716,7,2229.42
"EGY",2,722,7,2237.85
"LVA",6,5017,16,4905.23
"YEM",7,733,7,2241.56
"SRB",6,2643,13,4252.59
"UGA",7,735,7,2244.69
"ALB",1,736,7,2245.01
"PAN",2,738,7,2248.20
"COL",4,1132,10,3103.26
"SDN",5,740,7,2251.44
"PRY",8,3582,15,4717.89
"CMR",7,1345,11,3395.32
"ROU",3,1259,10,3231.83
"BOL",3,743,7,2252.40
"SWZ",9,1580,11,3628.21
"MAR",2,747,7,2255.54
"DNK",9,19478,19,5853.66
"IND-U",9,1312,10,3354.23
"VNM",5,748,7,2264.05
"KHM",6,750,7,2349.34
"NGA",9,756,7,2365.10
"PRY",2,771,7,2367.69
"CHE",5,14866,18,5649.99
"GEO",4,775,7,2394.99
"MKD",1,788,7,2415.61
"IDN-R",7,780,7,2406.39
"CMR",4,795,7,2422.74
"MNG",3,1050,9,3019.24
"KGZ",3,810,8,2513.56
"CHL",7,4745,15,4870.27
"TGO",8,813,8,2521.81
"URY",1,937,9,2781.41
"NPL",7,819,8,2524.70
"CAN",3,12129,18,5502.23
"GIN",8,822,8,2526.66
"CHN-U",10,6622,16,5115.59
"KOS",3,1119,10,3081.88
"MOZ",9,822,8,2528.89
"SWZ",7,822,8,2528.99
"TUR",8,4491,15,4853.96
"IND-U",7,826,8,2565.40
"ECU",3,1075,9,3037.93
"MRT",6,826,8,2565.73
"TWN",5,8975,17,5318.62
"ZMB",9,828,8,2567.85
"DOM",2,835,8,2568.81
"BRA",9,6707,16,5134.75
"EGY",3,837,8,2576.64
"JOR",1,848,8,2581.72
"EST",5,4944,16,4901.45
"BEL",4,9657,17,5356.85
"DNK",1,5633,16,4988.12
"MYS",1,854,8,2586.37
"GRC",2,4293,15,4826.38
"MNG",2,858,8,2587.24
"ARG",1,861,8,2591.21
"BGR",1,1077,9,3038.69
"TUR",10,10759,17,5422.37
"VNM",6,870,8,2602.97
"MYS",5,2936,14,4420.54
"BRA",2,879,8,2623.51
"YEM",8,882,8,2625.77
"CAF",9,890,8,2626.19
"FRA",5,12513,18,5520.70
"PAK",8,894,8,2657.48
"LVA",7,5935,16,5022.72
"IRQ",4,899,8,2660.50
"PHL",9,1999,12,3953.11
"CHL",1,906,8,2662.18
"IDN-R",8,907,8,2673.89
"ESP",9,16225,18,5721.52
"MDA",2,925,9,2768.99
"IND-R",9,910,9,2760.94
"KGZ",8,1969,12,3943.03
"VEN",6,2107,13,4051.33
"KOS",2,914,9,2762.56
"FJI",4,915,9,2762.64
"MWI",9,921,9,2767.18
"IDN-U",7,935,9,2781.08
"TJK",9,1799,12,3863.95
"ROU",2,941,9,2784.93
"LKA",5,946,9,2806.12
"TLS",9,947,9,2806.22
"GIN",9,1082,9,3039.65
"GTM",6,1516,11,3541.34
"SVK",3,3431,15,4636.00
"CYP",10,19728,19,5853.80
"BTN",5,959,9,2882.34
"ALB",2,962,9,2893.72
"THA",2,962,9,2900.54
"AZE",3,1339,11,3389.64
"RUS",5,3676,15,4755.69
"SVN",1,4468,15,4846.70
"BDI",10,974,9,2904.23
"KGZ",4,992,9,2905.45
"IND-U",8,1004,9,2942.18
"CHN-R",8,1162,10,3188.05
"RUS",7,5288,16,4959.71
"BOL",4,1006,9,2943.15
"SDN",7,1014,9,2946.39
"IRQ",5,1025,9,3015.63
"SRB",3,1787,12,3862.86
"CIV",7,1027,9,3017.52
"ARM",4,1043,9,3018.41
"PAN",3,1054,9,3019.58
"PER",3,1058,9,3031.64
"UKR",5,3200,14,4565.85
"ZAF",5,1069,9,3036.52
"SGP",9,29556,19,6001.50
"JOR",2,1089,9,3040.89
"FJI",5,1090,9,3040.98
"HND",9,4055,15,4781.61
"LAO",9,1096,9,3045.10
"DOM",3,1104,10,3066.82
"LTU",9,8340,17,5270.87
"HND",5,1113,10,3070.31
"IDN-R",9,1118,10,3081.71
"YEM",9,1121,10,3084.15
"PER",5,1764,12,3797.36
"ARG",9,10972,17,5438.75
"MKD",2,1123,10,3084.35
"TWN",4,7978,17,5241.47
"MWI",10,2250,13,4113.94
"CMR",6,1124,10,3086.23
"SWE",6,13095,18,5579.45
"TLS",10,1797,12,3863.28
"GEO",6,1125,10,3086.67
"COL",7,2431,13,4194.80
"CRI",10,17163,18,5735.37
"PHL",7,1155,10,3112.35
"SYC",2,1157,10,3112.35
"MDA",3,1164,10,3188.40
"MDG",10,1166,10,3193.37
"KOS",9,2923,14,4417.47
"RUS",4,3060,14,4457.15
"THA",3,1167,10,3200.20
"KGZ",5,1180,10,3201.13
"MRT",8,1196,10,3209.60
"SDN",8,1211,10,3217.34
"VNM",8,1218,10,3225.86
"ROU",9,4072,15,4788.38
"TJK",7,1244,10,3229.42
"CIV",8,1265,10,3233.73
"ZAF",10,15928,18,5716.48
"CRI",2,1281,10,3291.28
"BRA",3,1285,10,3310.43
"FJI",6,1291,10,3311.13
"MAR",5,1294,10,3314.82
"TZA",10,1307,10,3319.05
"JOR",3,1314,10,3354.81
"BIH",9,9072,17,5319.20
"TUR",2,1316,11,3362.08
"URY",5,3144,14,4465.72
"LKA",7,1318,11,3364.10
"IRL",3,8345,17,5271.31
"IRQ",7,1330,11,3369.87
"ALB",7,2013,12,3953.43
"MEX",3,1334,11,3380.93
"POL",1,1340,11,3393.45
"AUT",2,7908,17,5237.80
"BOL",5,1348,11,3396.73
"ARM",6,1350,11,3397.03
"KGZ",6,1388,11,3399.56
"PER",4,1392,11,3410.20
"MDA",4,1396,11,3410.56
"CHE",4,12576,18,5534.23
"PRY",4,1401,11,3411.18
"SLV",9,4209,15,4821.64
"BIH",8,7084,17,5208.23
"IRQ",10,3311,15,4625.08
"PAN",4,1412,11,3411.52
"MKD",5,2233,13,4109.31
"ARM",7,1542,11,3605.26
"FJI",7,1540,11,3604.95
"PRY",6,2191,13,4079.65
"SYC",3,1425,11,3414.32
"PRY",5,1751,12,3793.19
"IDN-U",9,1452,11,3447.63
"TJK",8,1454,11,3448.30
"PHL",8,1461,11,3457.31
"URY",9,8618,17,5280.98
"MNG",5,1469,11,3457.78
"JOR",8,2818,14,4394.87
"SYC",7,3136,14,4463.71
"COL",5,1470,11,3462.29
"ISR",10,26789,19,5938.59
"LTU",1,1480,11,3463.36
"JOR",6,2049,13,4016.81
"HND",6,1486,11,3464.09
"KOS",5,1514,11,3464.59
"NOR",6,17246,18,5739.18
"CHN-R",9,1516,11,3539.97
"MAR",6,1518,11,3544.47
"CMR",8,1657,11,3649.35
"SDN",9,1536,11,3604.80
"TWN",1,4432,15,4846.49
"MNE",1,1538,11,3604.87
"EGY",8,1542,11,3613.09
"ISL",6,21624,19,5866.52
"JOR",4,1542,11,3613.67
"ISR",4,5173,16,4936.16
"BIH",1,1543,11,3614.05
"IRQ",8,1553,11,3617.38
"MRT",9,1555,11,3617.71
"VNM",9,1556,11,3626.23
"SLV",5,1560,11,3626.84
"AZE",4,1578,11,3628.11
"UKR",1,1582,11,3632.84
"NIC",7,1598,11,3633.40
"LKA",8,1613,11,3635.42
"ROU",4,1617,11,3639.25
"ALB",9,2927,14,4417.79
"GEO",8,1646,11,3640.58
"NLD",8,18296,18,5776.47
"BTN",8,1649,11,3640.65
"NGA",10,1830,12,3889.45
"THA",5,1652,11,3647.48
"CIV",9,1670,11,3651.25
"NOR",5,15451,18,5663.90
"JPN",4,8294,17,5265.09
"NLD",7,15805,18,5711.60
"BGD",10,1676,12,3665.80
"POL",3,2643,13,4251.85
"ECU",5,1677,12,3667.21
"IND-R",10,1706,12,3755.09
"HRV",5,6938,16,5151.60
"MKD",9,5582,16,4981.18
"MEX",4,1708,12,3785.30
"BGR",2,1714,12,3786.07
"MNG",7,2026,12,3959.14
"KOS",6,1716,12,3787.20
"MNG",6,1720,12,3788.44
"SYC",4,1738,12,3792.57
"ALB",6,1759,12,3793.51
"TUR",3,1782,12,3862.13
"MKD",7,3296,15,4622.06
"RUS",8,6549,16,5055.92
"MLI",10,1801,12,3868.52
"NER",10,1806,12,3869.97
"ZMB",10,2195,13,4081.20
"EGY",9,1883,12,3897.28
"FJI",8,1890,12,3901.86
"MDA",6,1896,12,3902.22
"IDN-R",10,1921,12,3914.24
"GTM",7,1932,12,3918.62
"DEU",3,9314,17,5332.98
"AZE",6,2082,13,4042.98
"PSE",3,1937,12,3919.02
"URY",8,6184,16,5029.88
"KOS",7,1946,12,3919.33
"SRB",5,2349,13,4120.97
"LTU",7,5771,16,5006.67
"ROU",5,1962,12,3921.48
"THA",6,1967,12,3928.30
"HND",7,1990,12,3943.76
"URY",3,1994,12,3944.10
"ZAF",7,2018,12,3958.87
"CHN-U",6,2049,13,4016.23
"MOZ",10,2051,13,4019.05
"ESP",8,13458,18,5594.13
"PAK",10,2056,13,4035.79
"MEX",5,2112,13,4064.52
"UKR",2,2057,13,4040.42
"GIN",10,2068,13,4042.11
"HUN",6,4585,15,4859.32
"POL",2,2082,13,4046.79
"BGR",3,2088,13,4047.56
"DOM",6,2098,13,4048.52
"SVK",8,5846,16,5009.96
"SYC",5,2102,13,4048.53
"PRT",3,4378,15,4829.51
"TWN",8,13381,18,5589.57
"JPN",1,3192,14,4561.23
"COL",9,4774,16,4894.47
"CHL",3,2109,13,4053.01
"CRI",4,2112,13,4053.46
"LVA",4,3575,15,4717.27
"MNE",2,2124,13,4066.61
"LTU",3,3253,15,4586.50
"CHE",8,25066,19,5935.21
"ECU",6,2135,13,4068.01
"NPL",10,2166,13,4071.41
"CHL",10,25336,19,5937.33
"MAR",8,2185,13,4077.16
"CMR",9,2191,13,4079.03
"BOL",7,2196,13,4082.16
"MDA",7,2207,13,4102.01
"TUR",4,2225,13,4109.11
"PER",6,2233,13,4112.16
"EST",6,5605,16,4987.30
"HND",10,11948,18,5497.01
"BIH",2,2244,13,4112.54
"LVA",2,2310,13,4115.16
"ROU",6,2318,13,4117.31
"JOR",7,2373,13,4121.87
"THA",7,2384,13,4186.40
"MDA",8,2630,13,4248.04
"AZE",7,2401,13,4187.28
"YEM",10,2404,13,4189.54
"KOR",5,9733,17,5369.35
"BGR",4,2423,13,4190.30
"KOR",1,2433,13,4199.70
"MNG",8,2453,13,4199.96
"UKR",3,2461,13,4204.59
"ARG",3,2479,13,4208.56
"GTM",8,2498,13,4210.01
"JPN",10,29508,19,6001.01
"BEL",8,15577,18,5671.07
"RUS",3,2505,13,4224.21
"LTU",2,2518,13,4224.54
"KGZ",9,2523,13,4225.41
"TWN",6,10101,17,5406.82
"SYC",6,2549,13,4225.42
"CHL",4,2595,13,4231.35
"RWA",10,2601,13,4232.35
"MEX",6,2604,13,4243.41
"MNE",3,2610,13,4243.47
"GRC",1,2645,13,4253.71
"LTU",6,4968,16,4902.16
"CZE",1,2663,13,4254.75
"ECU",7,2684,13,4263.25
"MKD",6,2703,13,4263.85
"ESP",1,2966,14,4429.61
"HND",8,2745,13,4265.07
"ROU",7,2745,13,4267.22
"FRA",7,16389,18,5727.95
"NIC",9,2748,13,4267.78
"CYP",3,5256,16,4944.59
"BGR",5,2765,13,4268.54
"PRY",7,2772,13,4269.90
"PAN",7,2779,13,4270.24
"IND-U",10,2786,14,4305.42
"EST",4,4340,15,4827.07
"PRT",2,3427,15,4635.46
"IDN-U",10,2799,14,4317.51
"BRA",6,2818,14,4394.29
"PER",7,2819,14,4397.72
"AZE",8,2830,14,4398.60
"UKR",4,2831,14,4403.22
"MAR",9,2835,14,4406.35
"BIH",3,2899,14,4415.67
"TJK",10,2904,14,4416.34
"KHM",10,2939,14,4421.92
"LVA",3,2980,14,4429.84
"THA",8,2985,14,4436.67
"SRB",7,2991,14,4437.40
"ITA",4,8374,17,5277.82
"ZAF",8,3004,14,4442.28
"SLV",8,3022,14,4442.89
"HRV",1,3064,14,4457.59
"EST",2,3089,14,4457.73
"BGR",6,3126,14,4459.49
"POL",4,3136,14,4463.70
"CHL",5,3140,14,4465.39
"CHN-R",10,3154,14,4541.10
"TUR",6,3156,14,4548.19
"MNG",9,3164,14,4548.45
"RUS",10,18947,19,5810.89
"MEX",7,3234,15,4577.70
"ARG",4,3237,15,4581.67
"MKD",8,4126,15,4794.53
"TWN",2,6040,16,5026.63
"DEU",2,7784,17,5233.59
"DNK",6,12926,18,5573.30
"COL",8,3243,15,4586.17
"VEN",8,3256,15,4589.30
"USA",1,3283,15,4621.86
"CYP",1,3325,15,4625.19
"CRI",8,5135,16,4927.92
"MDA",9,3334,15,4625.55
"DOM",8,3336,15,4626.51
"CIV",10,3339,15,4628.41
"ITA",1,3361,15,4634.39
"PSE",9,5580,16,4980.98
"ECU",8,3460,15,4638.14
"MNE",5,3480,15,4638.20
"BIH",4,3542,15,4715.59
"UKR",6,3600,15,4722.52
"POL",5,3615,15,4729.18
"HUN",4,3636,15,4730.18
"EGY",10,3637,15,4738.01
"PAN",8,3644,15,4738.35
"MYS",6,3646,15,4741.10
"GTM",9,3681,15,4757.06
"CHL",6,3815,15,4765.97
"LTU",4,3832,15,4766.30
"SWZ",10,3845,15,4766.41
"ARM",10,3867,15,4766.71
"TWN",10,27839,19,5944.23
"URY",6,3879,15,4767.05
"GRC",7,10093,17,5404.51
"SVK",4,3898,15,4767.59
"LVA",5,4302,15,4826.60
"CZE",2,3932,15,4768.63
"ISR",3,3933,15,4769.36
"CAN",5,17243,18,5738.70
"MNE",6,3937,15,4769.42
"SVN",2,6298,16,5031.61
"CRI",7,3966,15,4769.89
"BTN",10,3998,15,4769.96
"CAN",1,4005,15,4773.29
"ISL",5,19567,19,5853.69
"BGR",8,4042,15,4780.88
"ECU",9,4923,16,4901.31
"GEO",10,4248,15,4822.46
"UKR",7,4063,15,4786.23
"CAN",10,56054,19,6071.42
"HUN",5,4105,15,4789.39
"BOL",9,4123,15,4794.32
"ISR",7,9630,17,5355.23
"POL",6,4163,15,4809.40
"MNE",7,4471,15,4846.76
"PHL",10,4182,15,4819.15
"ARG",7,6874,16,5145.67
"CMR",10,4207,15,4821.03
"PRY",9,5050,16,4905.85
"VEN",9,4274,15,4825.25
"LTU",5,4311,15,4826.94
"HRV",2,4343,15,4827.52
"SVK",5,4354,15,4828.06
"RUS",6,4389,15,4843.71
"BEL",1,4546,15,4855.03
"MDA",10,6073,16,5027.31
"JPN",8,14512,18,5632.78
"MYS",7,4552,15,4857.78
"CZE",3,4629,15,4860.36
"HRV",7,9146,17,5319.64
"KOS",10,4715,15,4868.15
"NLD",3,9988,17,5402.63
"IRL",1,4741,15,4868.59
"SVK",6,4767,16,4889.97
"BGR",9,4784,16,4895.23
"POL",7,4796,16,4899.04
"FIN",1,4874,16,4899.91
"BIH",6,4966,16,4901.82
"ESP",2,5078,16,4910.41
"HUN",7,5167,16,4935.36
"DEU",1,5086,16,4922.59
"ZAF",9,5091,16,4927.47
"FRA",1,5138,16,4934.36
"MNE",8,5169,16,4935.43
"KOR",2,5213,16,4942.54
"PAN",9,5230,16,4943.94
"SVK",7,5243,16,4944.48
"GBR",1,5425,16,4965.86
"AUT",1,5535,16,4967.81
"ITA",2,5585,16,4987.17
"POL",8,5634,16,4991.93
"UKR",9,5649,16,4996.55
"IRL",2,6942,16,5155.85
"NLD",1,5688,16,4998.20
"CZE",5,5706,16,4999.24
"TUR",9,5759,16,5006.33
"HRV",9,13324,18,5587.19
"FJI",10,5900,16,5022.49
"PRT",5,5986,16,5023.78
"ALB",10,6048,16,5026.95
"CHL",8,6131,16,5028.99
"NIC",10,6178,16,5029.55
"SGP",3,6251,16,5031.41
"MAR",10,6425,16,5034.81
"ISR",5,6439,16,5035.54
"CRI",9,7287,17,5209.92
"SRB",10,6511,16,5041.73
"GRC",4,6602,16,5057.63
"ITA",5,9662,17,5362.84
"AZE",10,6604,16,5058.50
"LTU",8,6730,16,5135.08
"CYP",5,6841,16,5140.63
"BEL",2,6870,16,5141.70
"CZE",7,6906,16,5146.71
"HUN",9,6922,16,5150.09
"USA",2,6967,16,5186.26
"ITA",3,6995,17,5192.25
"JPN",3,7033,17,5205.02
"NOR",9,26176,19,5937.86
"NOR",1,7259,17,5208.71
"SVN",3,7320,17,5210.12
"FRA",2,7626,17,5216.56
"ESP",4,7638,17,5221.12
"ARG",8,7677,17,5225.09
"CYP",6,7681,17,5225.20
"EST",8,7704,17,5225.33
"LUX",1,7720,17,5225.38
"ESP",10,24857,19,5934.45
"CZE",8,7800,17,5234.63
"BEL",3,8388,17,5278.89
"GRC",5,7801,17,5235.76
"HRV",6,7932,17,5238.25
"SWE",2,7949,17,5239.17
"THA",10,8034,17,5248.30
"PRT",7,8066,17,5252.11
"SVN",4,8195,17,5252.31
"DNK",2,8314,17,5265.63
"KOR",4,8316,17,5270.53
"NLD",2,8499,17,5280.54
"CYP",7,8510,17,5280.65
"LVA",9,8778,17,5302.82
"GRC",6,8892,17,5316.32
"GBR",2,8812,17,5308.96
"ESP",5,8816,17,5313.51
"SVN",5,9031,17,5318.82
"SLV",10,9208,17,5323.59
"EST",9,9311,17,5324.77
"FRA",3,9451,17,5339.95
"SWE",3,9478,17,5341.70
"ISL",1,9482,17,5341.73
"ISR",8,11851,18,5494.23
"JPN",5,9614,17,5354.50
"PER",10,11075,17,5461.00
"DNK",3,9639,17,5355.78
"CYP",8,9664,17,5362.95
"IRL",4,9680,17,5363.39
"PRT",8,9706,17,5364.45
"USA",3,9885,17,5399.75
"SVK",10,9914,17,5400.30
"SGP",5,9973,17,5400.78
"SVN",6,9983,17,5400.98
"ESP",6,10130,17,5411.37
"FIN",5,10579,17,5412.36
"GTM",10,10778,17,5423.74
"DEU",4,10788,17,5431.95
"AUT",4,10809,17,5432.79
"BEL",5,10855,17,5433.86
"NOR",2,10934,17,5434.33
"NLD",10,37224,19,6015.12
"IRL",5,10955,17,5434.78
"SVN",7,10984,17,5438.95
"FRA",4,10991,17,5445.39
"JPN",6,10991,17,5458.16
"ITA",6,11123,17,5466.99
"BOL",10,11131,17,5467.95
"LUX",2,11148,17,5468.00
"GBR",3,11224,17,5474.14
"KOR",6,11244,17,5479.03
"NLD",4,11276,17,5480.68
"TWN",7,11461,17,5482.98
"DOM",10,11587,17,5484.05
"PAN",10,13056,18,5573.64
"ESP",7,11642,17,5488.61
"DEU",10,38001,19,6023.33
"DNK",5,11733,17,5489.16
"POL",10,11799,18,5492.97
"SWE",5,11916,18,5496.28
"SGP",6,12123,18,5498.90
"MKD",10,12181,18,5502.44
"BEL",6,12185,18,5503.51
"SGP",10,46890,19,6061.14
"DEU",5,12208,18,5511.72
"JPN",9,17786,18,5758.94
"SVN",8,12330,18,5511.92
"AUT",5,12333,18,5512.75
"IRL",6,12398,18,5513.20
"JPN",7,12523,18,5533.47
"NOR",3,12600,18,5534.71
"NLD",5,12620,18,5536.35
"ITA",7,12788,18,5572.75
"KOR",7,13060,18,5578.53
"PRY",10,13110,18,5580.08
"GBR",4,13157,18,5586.22
"FIN",7,13307,18,5586.75
"LUX",3,13365,18,5587.24
"ISL",2,13368,18,5587.27
"COL",10,13660,18,5598.63
"BEL",7,13691,18,5599.70
"LUX",6,19948,19,5854.77
"DEU",6,13758,18,5607.91
"AUT",6,13838,18,5608.75
"NOR",4,13984,18,5609.22
"NLD",6,14143,18,5610.87
"IRL",7,14261,18,5611.31
"SVN",9,14309,18,5611.65
"FRA",6,14316,18,5618.08
"DNK",7,14350,18,5618.63
"CZE",10,14478,18,5619.68
"LTU",10,14504,18,5620.01
"GBR",5,15227,18,5662.11
"FIN",8,15245,18,5663.37
"LUX",4,15431,18,5663.42
"KOR",8,15507,18,5668.79
"BIH",10,15518,18,5669.17
"LVA",10,15669,18,5671.30
"ISL",3,15750,18,5679.54
"SGP",7,16076,18,5716.96
"DNK",8,16394,18,5728.50
"TWN",9,16507,18,5730.81
"MYS",10,16622,18,5733.56
"SWE",8,16761,18,5734.48
"IRL",8,16863,18,5734.92
"CHE",6,17414,18,5739.95
"GBR",6,17485,18,5746.09
"LUX",5,17648,18,5746.13
"AUT",8,17964,18,5759.77
"ITA",9,18039,18,5765.75
"DEU",8,18149,18,5773.96
"URY",10,18168,18,5774.30
"BRA",10,18498,18,5795.63
"FRA",8,19166,19,5817.33
"USA",6,19209,19,5847.74
"KOR",9,19352,19,5853.11
"SWE",9,19847,19,5854.72
"GBR",7,20130,19,5860.91
"CAN",6,20184,19,5864.24
"IRL",9,20308,19,5864.69
"SVN",10,20390,19,5864.89
"CHE",7,20650,19,5865.65
"ARG",10,21743,19,5870.49
"DEU",9,22110,19,5878.70
"NOR",8,22199,19,5879.23
"SGP",8,23079,19,5881.36
"PRT",10,23095,19,5882.42
"CAN",7,23381,19,5885.75
"USA",7,23430,19,5916.16
"FRA",9,23591,19,5922.60
"GBR",8,23774,19,5928.74
"ISL",9,33594,19,6010.13
"GRC",10,24353,19,5929.86
"ISL",7,24385,19,5929.89
"HRV",10,25285,19,5935.65
"LUX",8,25935,19,5937.38
"CAN",8,27507,19,5941.92
"ISL",8,27886,19,5944.26
"ITA",10,28984,19,5950.24
"SWE",10,28988,19,5951.16
"BEL",10,30173,19,6002.57
"LUX",9,31031,19,6002.62
"DNK",10,31321,19,6003.17
"CHE",9,31501,19,6003.93
"KOR",10,32295,19,6008.83
"IRL",10,33293,19,6009.27
"AUT",10,33355,19,6010.10
"SYC",10,33627,19,6010.14
"CAN",9,33782,19,6013.47
"USA",9,38077,19,6053.74
"NOR",10,41164,19,6054.22
"FRA",10,43111,19,6060.65
"LUX",10,51521,19,6061.19
"GBR",10,52257,19,6067.33
"CHE",10,53300,19,6068.09
"ISL",10,59348,19,6071.45
