"y","x1","x2","x3","x4","x5","x6","x7","x8","x9"
0,-4.62384349992499,0.73,0.5329,0.567846277495846,0.90782043337822,0.4,0.0805547370109707,1.42165712257539,0.0331870436762575
0,0.935861376579851,0.69,0.4761,0.548689349554479,0.515548045514151,0.5,0.196813534712419,0.0788383138953324,-2.01047196806841
0,-0.108625148888677,-0.78,0.6084,0.23722471576184,0.923035620478913,-0.3,0.488672148901969,0.803256983129235,0.145831801402765
0,-2.00939800776541,0.36,0.1296,0.0302111553028226,0.417083438718691,-0.6,0.734035938745365,0.198808084255536,0.692019166563864
0,-4.91970368940383,0.12,0.0144,0.410101126646623,0.0416000243276358,0.5,0.10954471398145,0.0113900429394117,1.01095354828123
0,-4.2864511241205,-0.01,0.0001,0.2542371195741,0.369566660141572,-1.2,0.58487606793642,-0.741663964795092,1.1901656262297
0,-0.872128767892718,1.84,3.3856,0.530085988109931,0.107645520474762,1.7,0.929138085339218,0.106294254442814,0.831112549686318
0,-0.299480715300888,-0.16,0.0256,0.346233239164576,0.504481408279389,-0.7,0.254215375054628,1.77754855034346,-0.296984695956457
0,-0.761480395682156,-0.26,0.0676,0.931058669229969,0.577607022132725,-0.2,0.215812503593042,-0.207804104787426,-1.04389387484191
0,-0.459643065463752,-0.56,0.3136,0.369236757280305,0.500046398257837,1,0.527376873651519,-1.87156183651344,-1.38287615560582
0,-1.70534162176773,1.94,3.7636,0.377636918565258,0.151185761205852,-0.7,0.550587801728398,-0.927007839285576,1.0921616479312
0,-4.65255227126181,1.98,3.9204,0.818435320165008,0.162426690803841,-0.8,0.407497902633622,-1.29046466826272,-2.4636714514444
0,-1.74995845742524,1.48,2.1904,0.861392667284235,0.215267079649493,-0.6,0.52381746750325,-0.523550532432467,0.673477648029081
0,-3.50499382754788,-0.42,0.1764,0.798040870344266,0.306619000853971,-0.1,0.700284250080585,-0.160167630068007,2.49496573915109
0,-0.978348301723599,1.94,3.7636,0.215271555352956,0.3928792567458,-0.5,0.30915775266476,-0.102309376684221,1.78326147467083
0,-4.45377570576966,-0.92,0.8464,0.198908238206059,0.799620167119429,2.2,0.61751943314448,0.528018984683864,0.0700185226987457
0,-1.39433161728084,1.92,3.6864,0.305729978950694,0.0591094796545804,-0.1,0.356842775363475,-0.154863064932636,-0.564509376832784
0,-1.95471519092098,1.77,3.1329,0.989846236072481,0.736365754855797,0.9,0.956155965803191,-0.260885680500292,1.28772945829312
0,-3.18703721603379,0.02,0.0004,0.316322783241048,0.569534386042506,1.5,0.333366334903985,0.3183734622805,-1.85093524510934
0,-2.49495330313221,-0.26,0.0676,0.436194541398436,0.0632765032351017,1,0.792959219776094,0.168724475832554,-0.782764499451064
0,-1.62075357558206,1.55,2.4025,0.679272634210065,0.918157519772649,-1.9,0.974153983173892,-1.38894671020692,-0.0147449646776177
0,-3.80899657914415,1.17,1.3689,0.400227349251509,0.24895976181142,0.5,0.177498031174764,-1.59341733025712,-1.96431109897224
0,-1.15312356548384,-0.86,0.7396,0.72044484782964,0.0179072970058769,0.1,0.485411159461364,-0.51812168276615,0.47445752817551
0,-1.03790190815926,-0.54,0.2916,0.890498040011153,0.835100641939789,1.1,0.256332425633445,-1.40161070443466,-1.10358839759027
0,-4.94799219910055,0.69,0.4761,0.0152565692551434,0.78292247466743,-0.7,0.616602817317471,-0.622428470946227,0.082048746887147
0,-3.26023950986564,1.94,3.7636,0.563377678627148,0.619606434134766,0.3,0.938274733489379,1.08582123373994,-0.937456250880209
0,-0.344481109641492,1.8,3.24,0.900615921011195,0.934102732455358,0.3,0.222285831579939,0.220057469123251,-0.995737282359795
0,-2.79147723317146,1.7,2.89,0.157446487573907,0.396869864780456,-3.2,0.568168506259099,0.255908265211526,-0.34248782681594
0,-0.610488240141422,0.41,0.1681,0.915181611664593,0.844748652540147,1.2,0.270043115597218,-0.896574509286306,-0.350348834479643
0,-0.121869433205575,1.99,3.9601,0.0947812674567103,0.819384665694088,-2.5,0.664175682235509,1.892450305371,-0.570940639091167
0,-1.95185236586258,1.69,2.8561,0.486324389232323,0.21826879424043,-0.9,0.997312861261889,0.798628110957796,-0.583290909680427
0,-0.690905779600143,-0.7,0.49,0.0835017906501889,0.0832697628065944,-0.9,0.00537701440043747,0.296922881967969,-0.813508523361388
0,-2.07970891240984,1.22,1.4884,0.848684923024848,0.351530590793118,1.3,0.157647618325427,-0.250091695025561,-0.531710868209049
0,0.641223757527769,-0.31,0.0961,0.818189570214599,0.547183664748445,0,0.978862383170053,-0.162083224806472,-1.77118614936036
0,-4.19586078310385,1.37,1.8769,0.322955624666065,0.261289859423414,0.5,0.302066789707169,-0.194219625829568,-0.206281451515616
0,-3.37331228051335,0.93,0.8649,0.437243300257251,0.271357855992392,-0.5,0.274689785204828,0.0922536032159636,-0.981272641666033
0,-4.45032843993977,1.91,3.6481,0.387209142558277,0.368013446452096,0.8,0.031410044291988,-0.0746794405788732,-0.212673961006024
0,-0.577335420064628,1.24,1.5376,0.661107902182266,0.597283855080605,-0.3,0.0811695016454905,1.56135109056364,0.662115810524039
0,-0.716502555646002,-0.12,0.0144,0.635987873887643,0.941598555538803,-0.5,0.377070966409519,0.473131231933905,0.618189034898691
0,-0.588955973275006,-0.35,0.1225,0.108471607323736,0.552234542556107,-0.7,0.374461798463017,0.151714570489492,-0.14779737220594
0,-4.52208569645882,1.2,1.44,0.870357390493155,0.79769152821973,-0.9,0.381568993674591,-0.228076883481322,1.395128251668
0,-4.49660519557074,1.49,2.2201,0.505812075221911,0.454522070940584,0.1,0.788570537464693,0.531595062100393,0.809992571783242
0,-4.37617860129103,0.65,0.4225,0.899546207627282,0.976372084813192,1,0.171030112775043,1.20520906992017,0.299779691018559
0,-3.81983909476548,0.98,0.9604,0.0379017335362732,0.864033985417336,-0.9,0.385797751136124,-0.749244743291397,1.08998866188132
0,-2.21871537249535,-0.36,0.1296,0.96163966297172,0.233205906581134,-0.4,0.229284505359828,-0.476642872360878,1.56939213758049
0,-1.48113482026383,-0.72,0.5184,0.22595909005031,0.774079695343971,-0.1,0.923238709568977,-1.35977451953729,0.237477764608532
0,-4.4419552818872,-0.07,0.0049,0.58006373886019,0.128431021003053,-0.5,0.210967320017517,-0.589902276955913,-1.08615509246764
0,0.988708928227425,0.28,0.0784,0.486014455324039,0.776352343615144,-0.4,0.895532413385808,-0.680622834723391,0.554268584690711
0,0.173122226260602,-0.85,0.7225,0.300529026426375,0.0883758433628827,-0.5,0.847598796943203,0.595584147125034,0.147086943877395
0,0.71094439458102,0.12,0.0144,0.162361090769991,0.715746931964532,-0.8,0.251708755269647,-0.257903141764923,-1.442764577716
0,-2.94599716132507,1.89,3.5721,0.0183755101170391,0.270979077089578,-0.3,0.515537746017799,0.890771138287672,-0.987181525227567
0,-3.29957773163915,1.13,1.2769,0.854914386058226,0.52178255864419,0.8,0.664685500320047,-0.299336981411046,-0.98639507700324
0,-2.28957985434681,0.85,0.7225,0.808808156521991,0.46314388839528,-0.7,0.208589385496452,-0.550059317763344,-1.50337595982033
0,-1.21697679208592,0.22,0.0484,0.632667719386518,0.385658889077604,0.4,0.795493970625103,1.01107466720067,-0.891800213458037
0,-1.8462497331202,1.32,1.7424,0.254163233563304,0.440758908167481,-2.4,0.144218956353143,-1.08998966231681,-0.843934969282933
0,-3.22821015538648,-0.16,0.0256,0.579302126076072,0.566353749018162,-1.3,0.891644731396809,-1.84540656737948,-0.358131729444159
0,-4.92683372320607,-0.58,0.3364,0.00138066941872239,0.910715062636882,-1.6,0.797997078625485,0.492559574646988,-1.56116913089242
0,-3.78265540627763,0.77,0.5929,0.0135926541406661,0.727555305697024,-1,0.748239801730961,0.812624034923063,-1.20945678063531
0,-0.572005636058748,0.58,0.3364,0.400289029115811,0.759866157080978,-0.8,0.480247143190354,1.2291569455441,0.789289726594265
0,-2.98340504476801,0.99,0.9801,0.944042337592691,0.846033340785652,-0.1,0.5329495575279,0.841652394978339,0.0622838811136827
0,-3.10517855221406,1.69,2.8561,0.100468394812196,0.09099060902372,-0.4,0.548260890413076,-1.08437207610063,2.06456855372005
0,-3.25367467757314,-0.24,0.0576,0.857552250381559,0.968122595921159,1.2,0.248364379862323,-0.0532126945673203,0.525506768252425
0,-3.97483440255746,1.59,2.5281,0.987640561768785,0.138211109209806,-0.5,0.828975935000926,0.191988086430061,1.3761640900463
0,-2.02533161174506,1.8,3.24,0.46045820787549,0.670442920643836,0.9,0.497906391974539,1.6466696886715,1.34599361754996
0,-0.311877129599452,-0.61,0.3721,0.8604240573477,0.711168322013691,-0.8,0.0134763887617737,1.83798626363893,0.801029819438788
0,-1.40019680792466,-0.61,0.3721,0.62236972944811,0.925504837650806,0.5,0.306002658326179,-1.70974820481625,-0.567629371977931
0,0.200949042569846,2,4,0.684535183245316,0.102994630346075,0.9,0.33080182177946,1.02761874851255,-1.22141815580506
0,0.222510560881346,0.58,0.3364,0.441851205425337,0.671659252373502,1.2,0.638110829982907,0.914069908999956,0.981829225026586
0,-2.13095075124875,-0.29,0.0841,0.534042279003188,0.467461231164634,0.7,0.985624618129805,0.266830208438364,0.670263601195387
0,0.199402953032404,0.65,0.4225,0.897422325098887,0.0923512913286686,-0.9,0.439182789064944,-1.20312979310958,0.482000585844738
0,-3.40815300075337,0.12,0.0144,0.325311746215448,0.774832116439939,-1.7,0.00935769639909267,-0.810719783520586,-0.900376698315946
0,-1.91098336409777,1.39,1.9321,0.789736764272675,0.799502584850416,0.6,0.0354187262710184,0.134580284589723,0.688174315728822
0,-4.06019763508812,-0.11,0.0121,0.205086100148037,0.607095650630072,-2.6,0.0403550041373819,0.111007314193966,-1.57137997684703
0,-1.41024904418737,-0.81,0.6561,0.704722467111424,0.901144590927288,-0.9,0.180137708550319,-1.39181763575893,-0.645582394894615
0,-3.62307883519679,1.1,1.21,0.650619017658755,0.166189398383722,0.2,0.908209932036698,0.393337439483944,-0.0246206350015321
0,-2.56114871846512,0.1,0.01,0.390414136927575,0.0329042836092412,1,0.468977650627494,0.0669713904893535,1.33934523980408
0,-0.756528527941555,-0.58,0.3364,0.726338852429762,0.598935645073652,-0.1,0.582023204769939,1.39883743581005,-0.341829553583806
0,-3.18402087222785,-0.24,0.0576,0.47791667166166,0.9976951549761,-1.5,0.212693865178153,1.15613547612955,-1.26672207411839
0,0.998025177512318,0.43,0.1849,0.696581894066185,0.808839599136263,0.4,0.264858386246487,0.0309178782289204,-0.194902770743064
0,-4.28059844765812,0.79,0.6241,0.0406411171425134,0.8486275926698,-1.2,0.750396900810301,-1.00471059246514,0.303512505676726
0,-0.75967973517254,1.96,3.8416,0.727819172665477,0.878753397148103,-0.6,0.685934965498745,0.412554002007983,-0.787690720969314
0,-1.99181944411248,1.31,1.7161,0.744101418647915,0.58152015414089,-0.2,0.471248744288459,0.028007931880449,0.399748624166352
0,-1.85261527588591,-0.89,0.7921,0.876106230774894,0.937854228075594,0.8,0.990826084744185,0.0834192447240473,-0.827908663125311
0,0.81993698887527,-0.45,0.2025,0.0524844685569406,0.921091364696622,0.4,0.910469302209094,0.606536327896168,-2.17481799160951
0,-3.46129865199327,0.58,0.3364,0.00665721739642322,0.199281135341153,0.3,0.645331244915724,-0.209364874861542,1.007738322575
0,-2.12582056410611,1.69,2.8561,0.984938862500712,0.991439749952406,-1.1,0.564022397855297,1.10514505128359,0.440772325159508
0,-3.62202911218628,1.23,1.5129,0.084036763291806,0.200768484966829,1.5,0.205330241471529,-0.727460025782193,1.83681560416013
0,-2.24091161461547,0.41,0.1681,0.273476944072172,0.224176089512184,-0.3,0.981897549005225,-0.438642377834748,-1.15923995960359
0,-1.69600681494921,-0.29,0.0841,0.952462627086788,0.422519576502964,-1.3,0.295350532978773,1.0545515263948,1.05200726160063
0,0.679921671748161,1.84,3.3856,0.971147033385932,0.166285099228844,0.6,0.581519224215299,-1.71622221983317,-0.546687669776241
0,-2.77569322520867,1.54,2.3716,0.173936345381662,0.193300319137052,-0.7,0.244305269327015,-1.09148637838271,-0.0984113064414269
0,-4.07414960628375,0.83,0.6889,0.285769582493231,0.926218325970694,0.5,0.849971109302714,-2.12639043015346,0.982087734241901
0,0.396072439383715,1.21,1.4641,0.605264644604176,0.67964965198189,-1.3,0.960891813738272,-1.00935230225343,-2.29791427868639
0,-1.33110520476475,0.54,0.2916,0.0245912857353687,0.454807598143816,-1.2,0.952086830278859,-0.625252710197929,-0.891387010367596
0,-4.46398219279945,1.02,1.0404,0.954611468594521,0.628189032664523,0.5,0.237048512324691,1.412626460479,0.508776610285933
0,-3.338826934807,0.26,0.0676,0.122468821471557,0.766279129544273,1.2,0.433357067871839,0.874399440963056,0.874433402436115
0,-0.937035288196057,1.04,1.0816,0.997374512953684,0.149690586840734,-1,0.0482011043932289,0.772220154172773,1.63592124082266
0,0.786803947295994,-0.22,0.0484,0.69594917469658,0.0217845619190484,-1.7,0.183650421909988,0.467068312483103,-0.575566964755431
0,-0.698340723291039,-0.27,0.0729,0.96110443607904,0.360012512886897,0.4,0.509092244785279,0.0816982284096295,-0.528950568263632
0,-4.12218560324982,1.91,3.6481,0.505467593902722,0.869932330679148,-0.2,0.733061983017251,0.241477008709234,0.372462033806403
0,-0.424305833410472,0.46,0.2116,0.324950558831915,0.766970467520878,1.1,0.128125174669549,-0.766795228258069,0.228023441234666
0,-1.10520118661225,0.48,0.2304,0.704892113339156,0.414148723939434,-0.1,0.212458237772807,0.500554107255116,-1.32673366003488
0,-3.23242113832384,1.6,2.56,0.931714591337368,0.51236120169051,1.2,0.461050732294098,-0.455581098964688,1.11763782448601
0,0.219225127249956,1.5,2.25,0.372953322716057,0.374416796956211,-0.1,0.311572064878419,1.02732010557422,0.579823220599367
0,-3.79077900014818,-0.27,0.0729,0.631323009962216,0.457991882693022,-2.1,0.794943890301511,0.777219741474731,1.38680064099444
0,-2.29889768641442,-0.79,0.6241,0.559449017746374,0.430583851644769,-0.9,0.399167521623895,-2.08695463541523,0.48196314891213
0,0.82694886578247,-0.61,0.3721,0.818078919779509,0.249817276839167,0.4,0.307380175217986,1.52315705214305,-1.74761335101885
0,0.454292201437056,-0.63,0.3969,0.560474694473669,0.093023331137374,-0.7,0.441539491061121,1.6685034037546,-0.0882186430662802
0,-1.81006549438462,-0.19,0.0361,0.211269101593643,0.142739502713084,-0.8,0.19504570774734,0.678387116249826,1.09438375699158
0,0.631427350919694,0.47,0.2209,0.529449950670823,0.0592946328688413,0.1,0.442060203757137,-0.925723192997796,-0.199921844151123
0,-4.4635676140897,1.53,2.3409,0.677859716583043,0.924341710982844,0.9,0.921087005408481,-0.637689582822913,-0.29665268598063
0,-4.16840141266584,-0.54,0.2916,0.217017667600885,0.791088705183938,0.4,0.527472804998979,-0.44795734679878,-0.72952083465365
0,0.680225553456694,-0.97,0.9409,0.23174403514713,0.817667075898498,-1.7,0.164843217236921,0.480617621453537,-0.998321312745947
0,-2.93814614973962,-0.47,0.2209,0.921907432843,0.631227578269318,-0.7,0.364473621593788,0.228427042015291,-0.720560659168027
0,-0.501318425871432,1.17,1.3689,0.0392352545168251,0.435796913923696,0.6,0.0511804511770606,2.03002399612428,0.21734370673131
0,-0.489031965378672,-0.54,0.2916,0.381938867736608,0.0688101346604526,-0.9,0.691686465172097,-0.353366738571466,-0.0221213704654922
0,0.537802217528224,0.88,0.7744,0.699336467310786,0.871605964610353,0.6,0.98730833362788,1.67317269425483,0.55150253024272
0,0.740874677430838,0.43,0.1849,0.632640187628567,0.652477783383802,0.2,0.0491997434291989,1.34274774499819,-0.294235749248788
0,-2.83162586344406,1.28,1.6384,0.443654146743938,0.549632214708254,2,0.60973765165545,-0.44298669058334,0.121807924045584
0,0.0617518019862473,0.99,0.9801,0.930467994417995,0.301056406693533,2.2,0.051761353155598,-1.88482653028731,1.13099301756621
0,-2.93364415550604,-0.75,0.5625,0.609182603657246,0.0114316926337779,-0.1,0.600125221069902,0.799332513851078,0.42110338915046
0,-3.30849218321964,1.62,2.6244,0.407112698070705,0.939949932508171,-0.3,0.533462796360254,-2.60563373020572,0.145183429473224
0,-2.37548864120618,0.87,0.7569,0.829536096891388,0.789187822490931,-1.4,0.80531784449704,0.011562264365715,-0.261795793344993
0,-3.58287913817912,0.72,0.5184,0.940245772246271,0.644141853787005,0.5,0.670845748623833,1.16541105409502,-1.72669183432538
0,-2.77118546562269,1.61,2.5921,0.267564532347023,0.5957474517636,1.9,0.0798036747146398,0.870459648408585,1.04347351923299
0,-2.21496348595247,-0.68,0.4624,0.978467219974846,0.698549134423956,0,0.989370191702619,1.32918688375538,-0.59723481001745
0,-4.09203973226249,1.04,1.0816,0.314420740352944,0.0236101800110191,-0.6,0.868791318731382,1.50531141117472,2.11886375779688
0,-1.27334804972634,1.75,3.0625,0.929873239947483,0.999939208850265,0.5,0.160219409735873,0.69091679143981,-0.434074436083897
0,-0.477432869840413,1.61,2.5921,0.65439786342904,0.528996107168496,0.5,0.373396530514583,0.715731347411633,2.99163427851801
0,-2.56042508641258,1.17,1.3689,0.376154278870672,0.991695222677663,0.1,0.318693853449076,-0.461491881163449,-0.139497875592477
0,-0.244243048597127,1.25,1.5625,0.95209749834612,0.830910267308354,1.1,0.863011047709733,1.16811092371638,0.305810262142123
0,-3.93894105497748,0.42,0.1764,0.291071832412854,0.887603824026883,0.2,0.328992052236572,-0.535175579140765,1.33108822728093
0,0.667724868282676,1.8,3.24,0.448981800815091,0.290759945521131,0.9,0.15568086435087,-0.743667193415854,1.41471571322407
0,-4.49970377702266,-0.24,0.0576,0.604456432163715,0.527760141994804,0.1,0.249734789365903,-0.736765174227811,-0.591266300070724
0,-4.43528937501833,1.94,3.7636,0.588938577333465,0.57158961519599,0.5,0.726533267647028,2.58588791582615,0.15605628254485
0,-1.30254918942228,0.62,0.3844,0.00576707790605724,0.130698822438717,1.1,0.299903057515621,0.597141058431619,0.248240170712344
0,-0.424481576774269,-0.23,0.0529,0.397914524190128,0.317760555073619,0.1,0.659973913803697,-1.35335756680848,1.41302866304745
0,-2.35672220960259,-0.29,0.0841,0.977732121245936,0.273026374867186,1.4,0.232577722985297,-0.128975343180636,0.168368234622041
0,-0.542980558238924,-0.72,0.5184,0.415700133889914,0.401496217120439,-1.3,0.376103329937905,0.252448504985337,1.23412935458838
0,-1.44634337024763,-0.3,0.09,0.340487559791654,0.244984923861921,-0.9,0.0497255625668913,-0.172247277750862,1.63157954814692
0,-1.29031235957518,1.24,1.5376,0.812582099344581,0.602312984177843,1,0.100101850461215,0.407172226339246,-0.40236698312615
0,-0.0820394619368017,0.57,0.3249,0.542269681114703,0.771394663956016,-0.5,0.637736064381897,0.358951041038062,-0.631182322699684
0,-2.61515514785424,0.24,0.0576,0.415813484694809,0.306727156043053,0.4,0.263731012819335,-0.458455203730661,-0.630065161444077
0,-0.125295283272862,0.66,0.4356,0.804493912495673,0.301786973606795,-0.2,0.771740383468568,-1.56164273313712,0.539393714826323
0,0.315814999863505,-0.5,0.25,0.152410226641223,0.768216097261757,0.3,0.905416791094467,0.0404166567415553,0.384269664468407
0,-1.82993155205622,-0.99,0.9801,0.927668760064989,0.774256215663627,0.4,0.316619822988287,0.970518701768148,0.864379462997286
0,-2.90777977462858,0.72,0.5184,0.592452600132674,0.0514103414025158,0,0.805630614981055,1.25398146796907,-1.17539333936903
0,-2.43169562891126,-0.07,0.0049,0.754026074195281,0.619917420204729,-1.7,0.86635312391445,0.942610696092221,0.615195989166941
0,-3.26208517700434,0.51,0.2601,0.241944560548291,0.938024423317984,-1.2,0.468934006989002,1.10260059619114,-0.0976152287722561
0,-3.14787493739277,1.63,2.6569,0.0735172722488642,0.327302562771365,0.5,0.477105266414583,-0.80248667241347,-1.18627337903535
0,-0.96909688366577,1.29,1.6641,0.580798116046935,0.521994820563123,-0.6,0.470690751448274,0.0770746746866789,0.359831728818016
0,-3.98525960557163,-0.62,0.3844,0.85706913867034,0.530005428474396,-0.1,0.348245565313846,0.843816830326721,-0.212007235808697
0,-4.7307177875191,-0.32,0.1024,0.258269483223557,0.958562249084935,-0.3,0.77171188313514,1.17650494296256,-0.430327046555101
0,-2.62931878305972,-0.2,0.04,0.0560474789235741,0.638881405349821,0.6,0.0111692671198398,-0.530789716926014,0.45186837962906
0,-3.56640827516094,0.55,0.3025,0.199199687689543,0.466487111756578,-2.6,0.865493907127529,0.739867876535258,1.01461855554865
0,-4.63418534351513,1.2,1.44,0.978246318409219,0.211929361801594,0.8,0.266994278877974,0.510351041482807,-0.218314195915008
0,-3.25339724496007,1.64,2.6896,0.302073927596211,0.263855955796316,-0.5,0.435591150075197,-0.9177658316033,-0.520828594008107
0,0.844185458961874,0.05,0.0025,0.879241098416969,0.657453689491376,2,0.144017463317141,1.52278799685096,0.95230636593068
0,-2.46065974235535,0.32,0.1024,0.85415570018813,0.635523470584303,0,0.360324448207393,1.81396269022483,0.790286034259647
0,-3.88468621391803,0.32,0.1024,0.913537003099918,0.644956217845902,0.3,0.779782648896798,-0.327073671749993,-0.463992694726733
0,-0.680050700902939,0.31,0.0961,0.861161267850548,0.0201128378976136,0.4,0.226868723519146,-0.000561906386214973,-0.165117337691987
0,-1.40696401009336,1.82,3.3124,0.0263019094709307,0.199943130835891,1.7,0.467338487273082,-0.660649508978461,1.01615576391719
0,-4.73261115746573,1.78,3.1684,0.015934739029035,0.536034256219864,-2.9,0.619527592556551,-1.6262683604575,0.413641434484363
0,-1.35351046500728,0.35,0.1225,0.131666958099231,0.279452410293743,-0.9,0.480797070078552,-0.144473648136038,0.48549453482669
0,-1.3195963781327,1.93,3.7249,0.943789846962318,0.214561209315434,0.2,0.729174284497276,0.102758935181384,1.25594675091017
0,-3.43849449139088,1.2,1.44,0.397111885482445,0.216289049945772,1.6,0.278015331597999,0.281974960066734,1.1016457681921
0,-2.96415729215369,0.41,0.1681,0.941358887357637,0.580788725521415,1.3,0.0287004043348134,0.383698209254493,0.106766191102498
0,-0.700963142793626,0.08,0.0064,0.816768321208656,0.623577493941411,-1.4,0.174027905100957,-2.58268942636962,-1.14356042106425
0,0.742778883781284,1.74,3.0276,0.52401577308774,0.365343690151349,1.6,0.901479792082682,-0.791071769173241,0.841954142370066
0,-0.623458120506257,0.71,0.5041,0.598634461173788,0.9031489812769,1.6,0.548215372487903,0.554692299824876,2.17544918545177
0,-3.34570794785395,-0.54,0.2916,0.411074670730159,0.0800064613576978,-1.1,0.517782925628126,-0.194547732723979,1.03205183137644
0,-3.63103877240792,-0.36,0.1296,0.525047293165699,0.814987103454769,-0.9,0.36720166890882,0.963645001541669,0.532692934268158
0,-1.75067706033587,-0.55,0.3025,0.331035206327215,0.259891434106976,-0.4,0.486780697014183,-0.135734510759622,-1.3344242556189
0,-0.597310836426914,0.9,0.81,0.412339695030823,0.318605088163167,-0.7,0.843454536516219,0.31747733918732,-1.97477443616992
0,0.21302204253152,-0.42,0.1764,0.567708132090047,0.83683262928389,0.9,0.380968698067591,-0.99805159457442,1.99644344069728
0,-3.78767056157812,-0.58,0.3364,0.933861476602033,0.986757374135777,0.5,0.832733986666426,0.540037249287476,0.0246713042744069
0,-3.49124392447993,1.41,1.9881,0.57303093210794,0.329343439079821,0.5,0.690848968923092,1.10796931856788,-1.50579877762089
0,-0.71645822795108,-0.59,0.3481,0.647929304279387,0.312398967100307,0.6,0.379318785388023,-0.756996092088039,-1.41775601174121
0,-3.97305663861334,-0.2,0.04,0.515852583106607,0.513615442439914,1.3,0.783644097624347,-0.853658564542155,1.30313614734973
0,0.586176281794906,1.15,1.3225,0.0786503250710666,0.355240342440084,0,0.786102908663452,-0.550522630791933,-0.535047314582946
0,-3.00111029529944,1.66,2.7556,0.296255158027634,0.810726556694135,1.1,0.305180080933496,-0.0657977044306173,-0.00447014219682638
0,-4.63204538496211,1.88,3.5344,0.419412595685571,0.473791193915531,-1.7,0.142239964567125,1.09421818757302,0.98517126892504
0,-4.38173081586137,-0.84,0.7056,0.956738163018599,0.177513839444146,-0.3,0.16335131553933,-0.126587351595481,0.621895575126271
0,-2.28369114827365,0.42,0.1764,0.773184440564364,0.166721209185198,1.2,0.646357651799917,1.77134475804494,-0.582053891230029
0,0.80739878769964,0.42,0.1764,0.400073088007048,0.147968512494117,1,0.0945459168870002,-0.232502014425995,-0.130630716838291
0,0.70004246244207,-0.41,0.1681,0.859295370755717,0.384761579567567,1.5,0.358872937038541,-0.662000924853385,-1.03456134346642
0,-1.40372861921787,0.42,0.1764,0.852334852563217,0.726152918767184,1.1,0.586591540137306,0.813576296313824,1.68803303797849
0,-0.2746880822815,0.99,0.9801,0.0831265379674733,0.871577695012093,-0.5,0.572709176689386,-1.89608435062173,0.204354857132176
0,-4.46742567839101,1.58,2.4964,0.00653266534209251,0.0163611054886132,0.1,0.838456501020119,0.815802317542481,2.43500492739574
0,-2.66451681265607,-0.45,0.2025,0.149951386265457,0.750159595161676,3.1,0.813131930073723,-0.314814648256609,1.07079117153007
0,-0.032668991945684,1.61,2.5921,0.866403916152194,0.421215899987146,1.2,0.858738401671872,0.431229336579711,1.7857049134966
0,-0.932334533892572,0.81,0.6561,0.330532423453405,0.70612640469335,-0.4,0.0473139500245452,-2.53940922996017,1.39529736700498
0,-3.86432889988646,1.02,1.0404,0.754133799113333,0.865282976068556,-1.7,0.160825830884278,2.35740415589582,1.1159240246106
0,-0.136988851241767,0.58,0.3364,0.725124159594998,0.645730339223519,-2.4,0.509807345690206,1.59110147162933,-1.07585601656197
0,-0.7324432535097,0.56,0.3136,0.466208505444229,0.864786861231551,0.8,0.931153198005632,2.09271328525316,0.921920375795686
0,0.0300934654660523,0.97,0.9409,0.439362897770479,0.607805948937312,2.6,0.385303464718163,-0.499809214472589,0.232518066287723
0,-1.5642667831853,0.35,0.1225,0.141923233633861,0.000656841089949012,0.4,0.779244370525703,0.124630522284129,-0.010513317032532
0,-0.746285265311599,0.2,0.04,0.872841389849782,0.121975782094523,-1.1,0.81739651504904,0.426809483886652,1.16921103120994
0,-3.91991155734286,1.46,2.1316,0.758001250680536,0.2616557686124,-1.4,0.680605297442526,0.151879323370573,0.947662330902473
0,-0.975728533696383,-0.57,0.3249,0.545698496280238,0.568867814727128,-1.2,0.86579178320244,-0.777131678716704,0.397143911648932
0,-4.81408932060003,0.75,0.5625,0.319349321303889,0.930287651484832,-1.9,0.743432734394446,1.05752186431269,1.51731419776398
0,-3.17712682113051,-0.68,0.4624,0.711905920179561,0.678497816435993,-0.1,0.0706379681359977,2.99792989600822,0.799755061110551
0,-0.411043846514076,0.05,0.0025,0.545295726740733,0.218020845670253,0.1,0.945361512014642,1.0660438059177,0.610543379526905
0,-3.49880379484966,-0.03,0.0009,0.404317730804905,0.954253677977249,-0.1,0.41261146357283,1.34640367488187,1.0611582586256
0,-2.35974033735693,1.74,3.0276,0.370948218740523,0.156689811963588,0.1,0.746826775604859,-1.35640833873702,-0.2016144432383
0,-1.65068040089682,-0.76,0.5776,0.12514583603479,0.125159597722813,-0.6,0.765900428174064,-0.375299142011743,-0.390039086646396
0,-3.51826067594811,0.69,0.4761,0.304774622665718,0.619398401118815,-1.2,0.16831799573265,1.3898947274767,1.28885340534926
0,-3.82709605293348,-0.14,0.0196,0.721303608268499,0.218177141388878,-0.6,0.403406127821654,0.530821561321395,0.606598767625582
0,-4.60317758377641,0.26,0.0676,0.377810129662976,0.574848471442237,0.9,0.346400535898283,-0.0189470193331623,-0.714634177306968
0,-2.01880295854062,1.51,2.2801,0.444564826553687,0.0561295773368329,0.6,0.101866604061797,0.882199094775315,-0.261547711301724
0,-3.93848076136783,-0.41,0.1681,0.880628463812172,0.143603815929964,0.6,0.076226475648582,-0.33168924036968,-0.692429719858691
0,-4.02677449863404,-0.03,0.0009,0.698071624152362,0.115838670171797,-1.8,0.561179215321317,1.24803703762321,0.297219022240449
0,-2.60034879948944,-0.37,0.1369,0.774690201273188,0.543875294039026,1.2,0.296107583679259,0.527087447841922,-0.355277630089484
0,-4.30651213089004,1.21,1.4641,0.693127009784803,0.8102187437471,-0.1,0.512452427297831,-0.687224055284131,-0.301679983663221
0,-3.88447258155793,1.11,1.2321,0.820038951234892,0.886909746332094,-1.8,0.400873782113194,-1.20152595456017,1.51617058052607
0,-2.06645428063348,1.96,3.8416,0.313916593091562,0.440913811791688,1.1,0.254912987817079,-0.0548302975003863,-0.502763637978727
0,-4.65570204239339,0.58,0.3364,0.684942563530058,0.820149715524167,0.4,0.688353471457958,0.312832797973431,0.511522898255129
0,-0.359913055319339,0.52,0.2704,0.0191534410696477,0.840735482051969,-0.8,0.61453198059462,1.11184218301967,1.35588793788828
0,0.110898282378912,-0.31,0.0961,0.167732273228467,0.125660333782434,-0.3,0.24640902550891,-0.563283077688801,-0.429954515771426
0,0.492154363077134,0.84,0.7056,0.351002490147948,0.478210895787925,-1.4,0.786106172716245,1.1172443020329,0.930655286713737
0,-0.915607816074044,-0.04,0.0016,0.644851933466271,0.951546612195671,0.5,0.968932799994946,-2.11217306962226,1.48897302699757
0,-1.42874347604811,1.96,3.8416,0.641430906252936,0.433317417744547,-0.8,0.523376823402941,-0.689505928030853,1.45508432221756
0,-0.347397256176919,-0.25,0.0625,0.175766073865816,0.301135492743924,1.5,0.714244561269879,-0.532696738973761,0.65574700683407
0,-3.15177348349243,-0.41,0.1681,0.233198988018557,0.639701038366184,-1.5,0.254822846502066,0.610431364556382,0.907621459931393
0,-1.20930116763338,-0.31,0.0961,0.823052441934124,0.909384232247248,-0.6,0.141750471433625,1.2311080139582,-0.128432226622901
0,-0.781631943769753,0.42,0.1764,0.0591677227057517,0.274232365423813,0.5,0.13779558124952,0.627654373100402,0.467933580347586
0,-4.59388310089707,1.65,2.7225,0.246984563302249,0.192446019733325,0.1,0.317391376011074,-0.00766973153406964,0.386476369342682
0,-1.86853544227779,1.59,2.5281,0.908787003718317,0.938521473202854,-0.3,0.808058013906702,-0.503067300264796,-1.45069390762071
0,-1.73073071800172,0.94,0.8836,0.805865029338747,0.675081986468285,0.4,0.730072809150442,1.19518750211223,0.0465405299982789
0,-0.443435969762504,0.86,0.7396,0.627844223054126,0.0194393331184983,1.4,0.391630709636956,1.1037311841914,0.466980008401983
0,-4.57448519906029,0.82,0.6724,0.342646761564538,0.524821441853419,-0.8,0.114759942051023,-1.2188660326783,0.379473422393062
0,-0.398984782863408,-0.8,0.64,0.960247025126591,0.773097150959074,1.1,0.825745602604002,0.734248810198029,-0.531878937341094
0,0.428863780107349,-0.45,0.2025,0.40908315195702,0.333655937574804,-0.7,0.182906688889489,0.90257193497202,0.730389098995095
0,-4.30416667601094,1.04,1.0816,0.539279027143493,0.736220306484029,0.2,0.389379960484803,-0.350593106719989,0.558286534431743
0,-2.16208620509133,0.97,0.9409,0.935117459157482,0.791460304521024,0.9,0.710634088609368,-0.623623918228388,-0.26305601961652
0,-3.66160535486415,-0.94,0.8836,0.0720483520999551,0.464319359976798,0.1,0.729363344376907,0.210178108456191,0.264467040739192
0,-1.18605480156839,0.22,0.0484,0.153107663849369,0.677117430139333,0.2,0.205538177164271,0.20021057500901,-2.76072092311618
0,-4.91129785450175,-0.44,0.1936,0.964981735916808,0.660225088242441,-0.4,0.561081141466275,0.789590217395168,-0.349279068848823
0,-2.88304057205096,1.58,2.4964,0.600279928650707,0.672552586300299,0.7,0.502115964191034,-0.0486259959709773,-1.17790731095617
0,0.56299901753664,-0.8,0.64,0.25200158287771,0.160863435361534,0.1,0.389871111372486,1.33127420835717,-0.416410203527908
0,-4.13137497147545,0.13,0.0169,0.402536424575374,0.348288736538962,0.7,0.496195604559034,0.357110095201515,0.167708973747768
0,-3.49589842464775,1.85,3.4225,0.063416808610782,0.685994010185823,-1.9,0.0343036721460521,1.39117073040676,-0.290631797333919
0,-2.60527614038438,0.63,0.3969,0.911906442139298,0.890502504538745,-1.1,0.976603904273361,0.186374621191716,1.79820974338517
0,-3.76578417327255,0.07,0.0049,0.168469722382724,0.615073947468773,0.7,0.474925360875204,-1.92222244919883,-1.2853119645599
0,-1.33790982095525,-0.12,0.0144,0.624563853489235,0.266872256761417,3,0.187099755275995,-0.693528297243248,-0.851125061250548
0,-3.60654399450868,-0.79,0.6241,0.960857511032373,0.343708235304803,-0.7,0.920948500744998,-0.297949781712695,0.17753692737693
0,-0.0952769876457751,-0.79,0.6241,0.419495099689811,0.0430874058511108,0.4,0.770197317004204,0.466446498865755,-0.477080645016252
0,-0.0936849876306951,1.75,3.0625,0.147299250820652,0.268827992025763,0.4,0.0410684791859239,0.353230405942501,0.669718616482164
0,0.908464781008661,0.34,0.1156,0.934832565486431,0.606386491796002,0.9,0.836918601533398,-0.692170103572511,-0.863142936574242
0,-3.02713048737496,-0.33,0.1089,0.925385169219226,0.694937292952091,-1.4,0.121279822895303,-0.963257712574983,-1.62668042669502
0,-2.99122951645404,1.71,2.9241,0.979359016055241,0.427318297326565,0.9,0.587842898210511,-0.958226309581624,-0.690387503689964
0,-0.216112713795155,1.17,1.3689,0.429855020018294,0.888420324539766,-1.2,0.724509495310485,-0.693015972319844,0.60670359239549
0,0.621854159981012,-0.02,0.0004,0.184514968423173,0.975463254842907,-0.9,0.505048550665379,-0.493192994420226,-0.220216170573096
0,0.119122939649969,1.29,1.6641,0.264605053700507,0.152319117914885,-0.9,0.295739483321086,-0.277446812278385,0.333209551045468
0,-1.21186614315957,-0.21,0.0441,0.990944997873157,0.030473246704787,-1.9,0.816259768325835,-0.828294121411913,-2.87997391805838
0,-3.92379261180758,-0.82,0.6724,0.111628585262224,0.915854028426111,-0.7,0.0755223049782217,-1.21666711691764,1.42128561441789
0,-1.3126735589467,-0.16,0.0256,0.121015733107924,0.942522669676691,0.2,0.812366622965783,0.240936350971595,-0.527558442522987
0,-0.308692236896604,0.21,0.0441,0.187399153830484,0.662720986409113,0.3,0.338611933868378,-0.415457795738552,1.06292772778912
0,-2.00346344150603,-0.97,0.9409,0.420876292977482,0.361072623170912,1,0.237355598248541,-0.514733154482645,-1.23890766987628
0,-3.84329107450321,0.03,0.0009,0.393433985300362,0.866344954352826,-0.1,0.0926930054556578,1.02024264175478,-0.0279425600344683
0,-1.75227546971291,-0.22,0.0484,0.508651186479256,0.680929641937837,1.2,0.0476932490710169,-1.03213012615995,-0.982291308821881
0,-1.99808759754524,0.47,0.2209,0.250265538459644,0.23053399589844,0.2,0.49162694462575,0.499160630825282,0.177618593171583
0,-3.16714858310297,0.85,0.7225,0.557659350568429,0.553716985275969,-0.4,0.0638417655136436,-1.34541100979875,-0.109835417947471
0,-1.91231942409649,1.39,1.9321,0.972876331303269,0.710481515619904,-0.9,0.74975727009587,-0.00271458998818875,-0.363932951555855
0,-0.308713325764984,-0.01,0.0001,0.572736586909741,0.915249584475532,-1,0.0628686540294439,1.27733908433141,-0.276832587944309
0,-2.87900299113244,1.92,3.6864,0.967707142233849,0.526548755820841,0.6,0.591442098841071,0.295735496533301,0.334206940734372
0,-1.91820865683258,0.01,0.0001,0.722610712982714,0.697830270742998,-0.4,0.851504502585158,-1.74259710333888,-0.704889332093166
0,-1.13214061781764,1.26,1.5876,0.490050348453224,0.903447464341298,0.7,0.801888022106141,-1.16227040742765,0.0823586201319658
0,-2.41484594158828,1.87,3.4969,0.900174543028697,0.098774703219533,0.1,0.498184601776302,0.719410802228279,-0.103184658615454
0,-2.415292724967,-0.26,0.0676,0.174401921918616,0.740872331196442,-0.7,0.144962100544944,0.993044987644671,-0.194692471629473
0,-0.564331464469433,0.98,0.9604,0.661873613484204,0.86553100659512,0,0.167154820635915,-0.736726651625172,-0.484397898385137
0,-0.219759241212159,-0.45,0.2025,0.188182387966663,0.654341397341341,-0.5,0.61888607731089,0.521195785098694,0.136796397597149
0,-3.87441140599549,1.7,2.89,0.799610289046541,0.410131050972268,2.2,0.813942241249606,0.11234847549521,0.648542298315413
0,-1.75479642348364,1.05,1.1025,0.699735715985298,0.652973794611171,-0.2,0.381044309120625,0.570572270517283,-1.41616492355171
0,-2.45947897108272,1.78,3.1684,0.166933330707252,0.0499970628879964,-0.1,0.620577674591914,0.166229867925741,-1.58173016566982
0,-3.77787402505055,1.04,1.0816,0.152675444027409,0.599242381053045,2.2,0.293384575517848,-1.45982075350835,-0.611392183107767
0,-1.60583991650492,2,4,0.89461851422675,0.559734501410276,-0.1,0.394194005057216,-1.28225906141023,-1.29661349792216
0,-0.0786629994399846,-0.44,0.1936,0.847092813113704,0.046792428009212,0.4,0.0287446095608175,-0.420084432559154,-1.79736358874065
0,0.150182182434946,1.16,1.3456,0.326743857935071,0.890245514921844,-1.1,0.263485188130289,-0.846023313740532,0.172028943036485
0,-0.551482177339494,1.2,1.44,0.428976442432031,0.908816152950749,0.2,0.222365471767262,0.221764547934627,-0.482949283592619
0,0.40167984040454,0.2,0.04,0.316187064396217,0.689319581724703,0.1,0.75796631234698,-0.599370277736621,0.29552472876728
0,-4.07454875530675,-0.57,0.3249,0.914036691421643,0.545781057560816,-1.2,0.845877035753801,-2.21865566163474,-0.565783701312915
0,-3.48500562040135,-0.46,0.2116,0.656171843642369,0.491225124103948,-0.4,0.453656243858859,0.448268871882037,-1.52484237378721
0,-3.19855937268585,0.17,0.0289,0.65758688072674,0.315928841242567,0.7,0.17755651450716,-0.304237582637257,-0.0774341211967654
0,-4.08330545108765,0.64,0.4096,0.230741647770628,0.351250235224143,0.5,0.411473148269579,-0.0278346062995784,1.32355479537298
0,-0.0799963939934969,1.74,3.0276,0.263708047568798,0.148054673103616,-0.7,0.274416903266683,0.617228084294788,-1.63034589984062
0,-3.476122320164,-0.56,0.3136,0.309555441373959,0.72504042647779,1.9,0.293609966756776,0.906875311801491,1.40052502025997
0,-2.26786225801334,0.98,0.9604,0.0666055241599679,0.617504550144076,-1.3,0.143300637369975,-0.718530579340151,-0.844695003349175
0,-2.33282340597361,0.83,0.6889,0.263324711937457,0.337437272071838,-0.5,0.151889813831076,-0.214208535350446,-1.16043340989109
0,-3.41396552231163,0.24,0.0576,0.527770284330472,0.953624836169183,-0.1,0.72482538735494,-0.159781674109024,0.279922805782931
0,-4.34218894317746,0.73,0.5329,0.647635956993327,0.125793768558651,0.2,0.996430536033586,-0.431684646425283,0.30859875377901
0,-3.86513014975935,-0.8,0.64,0.157804562477395,0.334565833676606,0.1,0.352138635469601,0.918095379388271,1.87141691686306
0,-0.794014506973326,0.2,0.04,0.398905718233436,0.274956378387287,-0.6,0.95174243976362,-0.136388131047578,2.3374050177814
0,0.648017116822302,-0.48,0.2304,0.337558435741812,0.722424976527691,0.7,0.118486627703533,0.813569202028915,0.299042411026731
0,-4.32424294622615,1.52,2.3104,0.528916212264448,0.371348130283877,1.8,0.988645479315892,0.472238709490243,-0.411609911493588
0,-2.27748538414016,0.16,0.0256,0.835281093139201,0.427735227160156,-0.6,0.764959352789447,-0.671573226594075,-0.406037578824699
0,-1.45197951840237,0.37,0.1369,0.622643018839881,0.908752199262381,-0.8,0.710798985091969,0.591349043012846,-0.404088686339413
0,-1.62300100969151,1.33,1.7689,0.929079137044027,0.218041150365025,-2.3,0.108876235317439,0.310235226591496,-0.971861984609173
0,-2.13426995277405,1.96,3.8416,0.731555462814867,0.513901797588915,0.7,0.463259319076315,0.375001661991351,1.31248705514992
0,-1.79741207137704,1.23,1.5129,0.200106190750375,0.539934816304594,1.2,0.161244098795578,-1.61551123745514,-0.906172918114697
0,-1.76918214838952,-0.86,0.7396,0.176299629732966,0.447510060388595,-1.1,0.692790198372677,1.25245711813032,-1.15023974395692
0,-4.07859336584806,1.07,1.1449,0.844983809627593,0.352103687589988,0.6,0.689293755218387,0.813842071901852,1.06071248431427
0,-2.95274331094697,-0.36,0.1296,0.0246557092759758,0.910975389648229,-1.3,0.238358675502241,0.957064876057555,0.848567261247366
0,-2.32009357633069,0.22,0.0484,0.0338501322548836,0.0544985104352236,0,0.062533968128264,0.0340500168184609,1.14465217772394
0,-3.36983903916553,1.17,1.3689,0.187913524685428,0.4666736072395,0.4,0.0705851821694523,-0.540715135169527,0.379354986124428
0,-4.86128517007455,0.98,0.9604,0.0486444593407214,0.262424279004335,0.9,0.502883578417823,0.162666728545462,0.749543644752045
0,-4.11218459019437,0.34,0.1156,0.437054937472567,0.390084702055901,1.2,0.975324993487448,0.589091522685979,-1.46920450643908
0,-3.31906919227913,0.27,0.0729,0.0532881917897612,0.822339480742812,-0.3,0.382580699631944,0.818005104626999,-0.0427528466723243
0,-0.841879000421613,1.77,3.1329,0.849777273600921,0.924758739303797,0.7,0.227876741904765,-1.05525744657963,-0.917160908664763
0,-2.32382708135992,0.6,0.36,0.626476035453379,0.729309658985585,-0.3,0.618270980659872,-0.183752145919409,0.338869731608175
0,-4.05618201615289,0.1,0.01,0.411371428985149,0.555244766641408,-1.3,0.716415720526129,-0.899629013622524,-0.877341913491775
0,-0.0181989353150129,1.2,1.44,0.984910336788744,0.492730835918337,0.3,0.700183608802035,1.05081332520687,-0.698818061755208
0,0.733663733117282,0.3,0.09,0.831543230917305,0.622805406106636,-1,0.603473422350362,0.316902580836538,-0.411674976062056
0,-1.02316636312753,-0.84,0.7056,0.246628680033609,0.589214666280895,-0.5,0.470560324843973,0.895874758181292,-1.23750729127642
0,-2.32618538569659,-0.75,0.5625,0.503530981019139,0.648296131752431,1.6,0.195740913739428,1.0350225019459,-1.71485156059127
0,0.497761240229011,1.11,1.2321,0.65910173393786,0.847197740105912,-0.7,0.978069886798039,-0.348464403877976,-0.0764883735250321
0,-2.24251153692603,0.16,0.0256,0.0767536151688546,0.910282210912555,1.6,0.415171234868467,1.05029941604569,-0.401809590708615
0,-4.81594726163894,1.23,1.5129,0.512730828952044,0.150494979228824,-0.1,0.897512267576531,0.828073398111028,0.183692678168344
0,0.797205991111696,-0.52,0.2704,0.743951629381627,0.743717710720375,-0.4,0.729164847871289,-2.5882448401782,-1.74515807386526
0,-1.71217038482428,-0.37,0.1369,0.936858835862949,0.625895822653547,-0.1,0.0248963837511837,2.25120519822039,-0.124908031024274
0,-0.240859149955213,0.05,0.0025,0.724933204706758,0.165898829465732,-0.5,0.940587946912274,0.486708729736362,0.212855939250372
0,-0.633073723874986,1.75,3.0625,0.304711342556402,0.374417934333906,3.5,0.32234494201839,-1.25183655283126,-1.27044751836007
0,0.656237103976309,-0.37,0.1369,0.122754464158788,0.255938539281487,0.2,0.848544072825462,0.214953449082279,0.385917855767215
0,-2.5762240588665,-0.04,0.0016,0.649849423440173,0.154200371587649,-1,0.479581490624696,1.4035693589928,-0.504892929482882
0,-3.45722850877792,-0.42,0.1764,0.511191383237019,0.0835913133341819,2,0.168728458229452,0.529787838734588,0.157560283207564
0,-2.08427173411474,-0.89,0.7921,0.792932883603498,0.287727741990238,-0.4,0.595780957490206,-0.830036732247474,-0.767588162766039
0,-4.59882170567289,1.28,1.6384,0.525424143765122,0.779994149459526,-0.7,0.0719376099295914,0.284494227595657,-1.7547438598747
0,-0.598704181145877,1.98,3.9204,0.727877585683018,0.402476549614221,0.1,0.262440875638276,-1.1154643617834,-1.57757458518754
0,0.0426411186344922,0.3,0.09,0.334309796104208,0.911335577722639,-0.3,0.193088142899796,-0.270166719762582,-1.30152499255329
0,-0.994257022626698,1.23,1.5129,0.133142756531015,0.429839838994667,1.2,0.305839889217168,-1.27064699324107,1.22639323302962
0,0.949256790801883,-0.32,0.1024,0.736773944925517,0.678003358887509,0.8,0.325938815716654,-0.26857433922935,1.10331848509194
0,-1.72699497779831,1.6,2.56,0.32174902386032,0.94893224700354,-0.3,0.891577531350777,-0.821225441792388,-1.64094547477764
0,-3.96538167772815,0.44,0.1936,0.0660788619425148,0.802093603648245,0.2,0.907775323605165,-0.60411913028296,-1.09384374995832
0,0.798960197716951,-0.07,0.0049,0.595983421197161,0.688541371840984,1.4,0.136226151138544,-0.738804975281364,1.02727213234599
0,0.0403253943659365,-0.22,0.0484,0.581067892489955,0.94543287740089,-1.3,0.338976801140234,1.80915077324809,0.484645739011486
0,-3.70151080517098,-0.91,0.8281,0.731936188647524,0.784883098909631,0,0.281714163022116,-0.50751656679407,-0.899804154078785
0,-3.24796092417091,0.32,0.1024,0.999301603762433,0.143734219716862,0,0.326924893073738,0.126509366393257,-1.12294810679908
0,-2.42957087932155,1.72,2.9584,0.0756843658164144,0.272089494625106,0.4,0.613491822732612,0.850036740049034,-0.16906899137854
0,-4.28217841824517,1.83,3.3489,0.135803539305925,0.313678762642667,0,0.419079695362598,-0.783208278972988,-0.0825059404697805
0,0.473061836324632,1.27,1.6129,0.0953305531293154,0.41911874176003,-0.1,0.151608522981405,-0.0675539246964344,0.941320472298774
0,-4.21181977307424,1.66,2.7556,0.17069931467995,0.715540791163221,-2.1,0.410506084095687,-0.353801133294851,-1.43912311688534
0,-1.65302096074447,-0.37,0.1369,0.392664867220446,0.909211051883176,1.2,0.74767278553918,0.187706624372951,0.381475149356463
0,-3.26666500000283,-0.41,0.1681,0.180894215824082,0.863357120659202,-0.9,0.206140124704689,1.01733298276678,0.946835611774028
0,-3.54075797507539,-0.61,0.3721,0.377197784371674,0.578958075726405,-0.5,0.28306540264748,-0.132496565683685,-1.08874751808881
0,-1.58531850995496,1.45,2.1025,0.36009497451596,0.83247165940702,-1.2,0.622801566263661,1.23788662893342,-0.00568959895216528
0,0.655412474181503,-0.35,0.1225,0.968967742519453,0.528383296215907,-1,0.861351831117645,0.222480405204821,0.977205774860817
0,-3.16547133633867,0.49,0.2401,0.593534698709846,0.0652743685059249,1,0.914872490800917,0.267535188283824,0.0622718202280157
0,-2.01825908618048,-0.77,0.5929,0.781329273479059,0.600069237174466,-1.2,0.199463049182668,0.627445834194975,0.296286511732014
0,-3.63120191218331,-0.38,0.1444,0.108848654199392,0.747198762139305,0.4,0.453596252249554,1.48894891663135,-1.26540907470913
0,0.773540902882814,-0.65,0.4225,0.515000660438091,0.110276241786778,1.2,0.11267489544116,-2.03798011618735,-0.239469529621655
0,-1.02094449661672,0.99,0.9801,0.762359332293272,0.0336592739913613,0.7,0.550879357615486,1.16758265067609,-0.524426449834934
0,-1.92734473012388,0.41,0.1681,0.368133558891714,0.813194308429956,-0.9,0.606911894166842,-1.45279948861632,0.930576984566535
0,-4.30379919102415,1.14,1.2996,0.309588781325147,0.704148998251185,-1.9,0.15544458781369,-0.158372754141106,0.393877580043791
0,-2.0516349375248,0.8,0.64,0.416431970661506,0.0556309933308512,-0.4,0.0263713032472879,-0.84686767341107,-0.0693087214685452
0,-4.6112456517294,1.71,2.9241,0.76935708662495,0.496211854042485,-1.1,0.385066343238577,1.76651007331055,-0.188516981278909
0,-4.9541750960052,0.28,0.0784,0.0131606152281165,0.78356004669331,-1.1,0.182020696345717,1.22334093388041,0.837825525093855
0,-4.61599093209952,-0.1,0.01,0.208893752191216,0.969066149089485,1.2,0.061180712422356,0.500762973099946,-0.318324339820939
0,-2.38773411419243,1.98,3.9204,0.245355597231537,0.904896120540798,0.3,0.194717438658699,-1.39054655604232,-0.295956299808442
0,-1.91595162684098,1.8,3.24,0.149583209073171,0.373551150551066,0.7,0.720716445473954,0.0712825360758326,0.217942436465373
0,-3.38392918603495,0.43,0.1849,0.667555980850011,0.0734665696509182,-0.7,0.137035435531288,-0.475390947195096,0.14675027034194
0,-4.0613623787649,1.13,1.2769,0.394633107120171,0.17564259422943,1.2,0.869050906272605,0.283433436259253,1.48245042923207
0,-0.484161652158946,-0.53,0.2809,0.102730713086203,0.00475154048763216,0.3,0.718718293588609,1.81635735164729,-0.725672916357316
0,-4.95893788477406,0.38,0.1444,0.0198661636095494,0.433780169347301,0.7,0.336231341119856,-1.02064304124257,0.780351372358332
0,0.625971737783402,-0.15,0.0225,0.393635855056345,0.489793038694188,1.6,0.791668321006,1.12452251179197,-2.44551144617438
0,0.393757190089673,0.44,0.1936,0.436922907596454,0.144397887168452,-1.1,0.131078844191507,-0.770586481564171,1.14084338515923
0,-1.1062868735753,1.39,1.9321,0.390592978801578,0.388953244080767,1.7,0.806397321168333,-0.707825049951813,-1.412578641338
0,-3.76791157573462,-0.98,0.9604,0.487864714581519,0.267760822549462,0.6,0.389772053807974,1.53949249402852,-0.459327537701436
0,0.99449435248971,1.21,1.4641,0.582916665356606,0.25317568005994,-0.2,0.304630184080452,-1.26723581081707,0.0198850956071053
0,-0.958410574588925,-0.23,0.0529,0.633274956606328,0.106323944404721,0.7,0.0423452095128596,0.644246829977718,1.00044246940601
0,-0.480425140820444,1.56,2.4336,0.428847828879952,0.464829670265317,0.1,0.585787096060812,0.25551878082189,1.85320143446489
0,-0.559798123314977,-0.63,0.3969,0.572662881342694,0.988581327954307,0.3,0.817433977732435,0.191865718919774,-0.0324725036062699
0,-0.376431711949408,0.48,0.2304,0.137559933820739,0.857721029547974,1,0.739346814574674,-0.815707509189085,-1.51496841227293
0,-4.33997865067795,1.82,3.3124,0.859089105390012,0.184326767455786,0.7,0.305129785090685,-0.982132639460119,-0.705838076617137
0,-3.89377507893369,-0.81,0.6561,0.0535689124371856,0.482392671750858,0.2,0.467272800160572,-1.2098320368563,0.84326378705704
0,-0.92763483710587,1.03,1.0609,0.420608639717102,0.663103200495243,-1.4,0.116170414723456,-0.20019065912431,0.769694654549751
0,-0.874486724380404,-0.32,0.1024,0.671784466831014,0.60959763941355,-1.8,0.157646890962496,-0.275407104374925,-0.719833484832523
0,-3.5014565079473,-0.62,0.3844,0.0442571563180536,0.366840582108125,0,0.184210584964603,1.76645501465733,-0.2507560339268
0,-3.31416089925915,1.65,2.7225,0.731080522760749,0.0890718004666269,-0.6,0.875998082570732,-1.28720201591639,0.454458578779577
0,-3.28826436959207,1.23,1.5129,0.794514049543068,0.481183680938557,-0.9,0.796978644793853,2.57901913463206,-0.0584844088786642
0,0.157221860717982,1.75,3.0625,0.126834219321609,0.901611974695697,-1.3,0.166462226305157,-0.644219502338076,1.67865104268887
0,-4.26650851452723,0.25,0.0625,0.968313718214631,0.765675395727158,0.2,0.607026195386425,-0.939986300926486,-0.333851434950303
0,-4.65239178016782,0.19,0.0361,0.137696724152192,0.0829146855976433,-1.2,0.0268297509755939,-0.443840550327545,-0.594149752903834
0,-0.402799481991678,1.05,1.1025,0.0181356414686888,0.720265405951068,-0.2,0.943055240204558,-0.213346503364874,-0.563194067786822
0,-1.42126259813085,-0.98,0.9604,0.769376904703677,0.118812176166102,0.5,0.158453080570325,-0.398543438392733,-0.644761754658985
0,-0.9557298226282,-0.78,0.6084,0.861019355477765,0.309486206388101,-1.1,0.129575824830681,-0.625829903812638,1.03803499506964
0,-4.02907383209094,1.47,2.1609,0.508552375249565,0.288499903166667,-2.5,0.582193930167705,0.717666238393349,0.64274135606794
0,-0.20952367875725,1.89,3.5721,0.396155785303563,0.959214562317356,0.2,0.386523078195751,0.0954852640739131,-0.498012244797563
0,-1.44755360111594,0.9,0.81,0.669594481354579,0.825757090002298,-0.7,0.170340602053329,-0.5748205682884,1.11873851312548
0,-0.329350099433213,0.34,0.1156,0.377126672305167,0.18955088686198,0.9,0.383358916267753,-0.963582143988852,-1.84012457020774
0,-2.22009876789525,0.19,0.0361,0.000997836235910654,0.189556627301499,-0.5,0.441947377752513,-2.31071644164582,0.887685440740583
0,-2.89467004360631,1.94,3.7636,0.914534144103527,0.688024176284671,1.3,0.708778936415911,0.369878594757272,1.3933386698514
0,-0.422965399455279,0.62,0.3844,0.864424421451986,0.562989736441523,-0.5,0.0905029105488211,1.29546262239948,-0.513463952943896
0,-2.60321150859818,0.87,0.7569,0.76594285434112,0.42100281920284,-1.1,0.216507852543145,0.101389640182858,0.599242690504258
0,-0.943710751831532,0.69,0.4761,0.809784844284877,0.0196356121450663,1,0.0453201993368566,-0.872331038891741,-0.523959877562499
0,-1.28597874660045,0.66,0.4356,0.319698287174106,0.350351916393265,-0.5,0.786778432317078,-0.273902252902955,-0.226419588119911
0,-4.52573326183483,0.36,0.1296,0.974908804288134,0.091427395818755,-0.6,0.999086519004777,-1.05458959670369,0.709268693433194
0,-3.8703118939884,-0.48,0.2304,0.900161687284708,0.60422302223742,2.7,0.223640610463917,-1.51776710533938,-1.48843406586908
0,0.843508083838969,-0.45,0.2025,0.467748833820224,0.302725091343746,0.5,0.508534773951396,-0.33242529117601,1.53893725273957
0,0.408919695299119,1.99,3.9601,0.421459228498861,0.915166975697502,-1,0.804152815369889,0.772652853330927,1.17931429022978
0,-1.50135249597952,-0.9,0.81,0.0275969905778766,0.594415289349854,-0.6,0.819714178098366,-0.567363042790604,-1.81723028299982
0,-4.9015458622016,1.63,2.6569,0.881293954327703,0.500562032684684,-1.1,0.599291375372559,2.29423300667401,-0.0284940390926419
0,0.733438730705529,-0.62,0.3844,0.779692866373807,0.809658453101292,0.4,0.00218901596963406,0.348689488657172,-0.398337782447368
0,0.642232363112271,0.92,0.8464,0.143712820718065,0.862017069710419,-1.3,0.0997968076262623,1.22026601041599,-2.01210091658409
0,0.855468595866114,0.27,0.0729,0.448234437964857,0.29169988562353,-1,0.0251743269618601,0.266037827362394,-0.634410796867496
0,0.75744719337672,-0.48,0.2304,0.111774685792625,0.130077907815576,-1.4,0.867772754281759,1.36786958596475,0.154532774762373
0,-4.83454857114702,-0.88,0.7744,0.395211237017065,0.78493522410281,0,0.570516643580049,-0.882344561923912,-2.31302069241253
0,-3.66352360928431,-0.63,0.3969,0.605132987024263,0.295536097371951,0.1,0.365749128162861,-1.08587921064956,-1.1526971261375
0,-1.94025930110365,1.37,1.8769,0.902267081895843,0.147504079388455,-0.4,0.686981023522094,-0.710596957346123,0.655715655862547
0,-0.536205275915563,0.05,0.0025,0.20019564544782,0.20127116353251,-0.5,0.392627688124776,-1.91293545000305,0.986745782041368
0,-4.76541373552755,0.19,0.0361,0.813988311216235,0.149037716211751,-1.1,0.317790440982208,1.54933194640994,0.330027587278025
0,-1.62102539651096,0.51,0.2601,0.559604155831039,0.75189037877135,2.1,0.155841386178508,-0.352742214967134,1.12889054989925
0,-0.324166178703308,-0.58,0.3364,0.776251611998305,0.446648715762421,0.7,0.104388090083376,0.525223466615042,1.55519961746746
0,-1.86355276824906,-0.56,0.3136,0.680169680388644,0.79849511384964,0.1,0.0616326758172363,-0.889823671052053,-0.311492137042504
0,-2.13637081393972,1.14,1.2996,0.932231994112954,0.78726134239696,0.1,0.105419361963868,1.15020009696176,-0.471678038216766
0,-2.70321186305955,-0.28,0.0784,0.442717235302553,0.880356177920476,-0.8,0.640534781152382,-1.01628434445043,-0.405244543301348
0,-2.12800004752353,1.77,3.1329,0.097457091556862,0.627797595225275,1.3,0.272037735907361,-0.845573787781033,-0.769796700225981
0,-0.0643156035803258,0.15,0.0225,0.311320000328124,0.354264294262975,-0.4,0.227557312697172,-0.296544001303,0.156780228116272
0,-2.13357097608969,-0.84,0.7056,0.342196016572416,0.266337543027475,1,0.994846648769453,-0.011138151993983,-0.33644354827609
0,-2.8911797311157,1.22,1.4884,0.109025900484994,0.401765594724566,0.6,0.882580525241792,-1.44331338356262,1.00143216652053
0,0.127237947657704,-0.84,0.7056,0.190024035051465,0.253790269140154,-0.5,0.199214697116986,-1.45130962034457,0.685435518605521
0,-2.63930304767564,-0.53,0.2809,0.149182484019548,0.497792450012639,0.4,0.231977984076366,0.0124123680499011,2.99683984023397
0,-3.40355387004092,0.68,0.4624,0.913455735193565,0.203061771113425,-0.8,0.517337870784104,0.218710958335692,1.01391266635499
0,-3.23375205881894,-0.54,0.2916,0.307337515288964,0.446334320353344,0.1,0.22262486978434,-0.440032255347561,1.27879513240288
0,-0.432188282720745,0.61,0.3721,0.176483164541423,0.773933106102049,0.8,0.745533798355609,-0.486351911827236,-0.572265995430546
0,-3.56495439214632,-0.35,0.1225,0.366602782160044,0.22082664584741,-0.6,0.016728836344555,-0.464795536442145,0.641736547580775
0,-4.34661869797856,0.86,0.7396,0.8314343332313,0.957404493354261,-0.4,0.355781369376928,0.887978417445354,1.20004485837302
0,-2.90455589909106,-0.99,0.9801,0.32814744557254,0.833135911729187,0.2,0.493314616614953,-0.788545283104515,1.28170895259208
0,-3.55995148280635,0.99,0.9801,0.114858665736392,0.310724679846317,0,0.0388892905320972,-0.399544298265421,0.245824905513172
0,0.990481984335929,0.11,0.0121,0.398197785252705,0.067424540175125,-0.3,0.917360732099041,-1.60590954112613,0.444473321976943
0,0.542892263736576,0.97,0.9409,0.940671963850036,0.355382155394182,1.3,0.857577118789777,0.01934826233334,-0.192080505206652
0,0.316874250303954,0.51,0.2601,0.932322101667523,0.975370830157772,0.2,0.665380380116403,0.519667010938078,-0.919750184591295
0,-2.10970818251371,0.06,0.0036,0.347566798329353,0.615179632790387,-1.4,0.673553407425061,0.969620509837523,0.301393968929285
0,-1.68545846641064,-0.92,0.8464,0.678599312203005,0.613882436882704,-0.4,0.231507528573275,-0.302465233199687,1.89858841688653
0,0.647063340060413,0.17,0.0289,0.778015300864354,0.922280426835641,-1.6,0.648189194034785,-0.46556944346956,0.388188421255562
0,-4.17818381171674,1.24,1.5376,0.590137271676213,0.951463334960863,-2,0.482130437390879,-0.218930613610048,0.543876288266025
0,-2.16730324132368,-0.21,0.0441,0.563099324004725,0.697446165373549,0.4,0.258560845162719,-1.00275832450809,0.165909974264658
0,-4.81112323887646,0.93,0.8649,0.798953241435811,0.517586559057236,0.4,0.873164547607303,-0.862213926859355,1.23495407583135
0,0.387607182376087,0.08,0.0064,0.799651773879305,0.369651538319886,-0.2,0.83609506720677,-1.34949127810268,-0.43185401629154
0,-4.76731509901583,-0.39,0.1521,0.972291212994605,0.127291135955602,1.3,0.776768360752612,0.918016128792492,0.170384023079823
0,-2.35474686324596,0.83,0.6889,0.440187610220164,0.346462364075705,-0.8,0.492982465075329,-1.0994057860863,0.655692607244587
0,-3.16299780178815,1.92,3.6864,0.340005728183314,0.857510963920504,-2.1,0.0666011143475771,-1.65104696313315,-1.02587079014792
0,0.5495675066486,1.92,3.6864,0.0487215216271579,0.964377686614171,-0.6,0.633355922298506,-1.11477157358846,1.74255745447938
0,-0.938373175449669,-0.76,0.5776,0.0113090209197253,0.621969090541825,0.6,0.846056294860318,-1.28977924334932,-1.92259641096178
0,-0.983970961999148,0.25,0.0625,0.0676588932983577,0.345031324308366,-1.4,0.532097007380798,0.565463315584362,0.220653417769373
0,-2.38141462858766,1.1,1.21,0.412319526309147,0.00187326059676707,0.6,0.909101435914636,-0.732248509681053,-0.898158722703094
0,-3.29421422583982,1.52,2.3104,0.103816720657051,0.589134176960215,-1,0.93559129931964,0.650824777314304,-0.37870540701901
0,-2.24061488686129,-0.98,0.9604,0.879729503532872,0.523895515827462,-1.2,0.392652603099123,-1.5206736877207,-1.35309575491616
0,-0.925133376847953,0.7,0.49,0.580386064713821,0.935838577570394,0.6,0.552771124290302,-0.475747238971062,-1.07948000078135
0,0.723766988143325,-0.38,0.1444,0.788696897448972,0.779392171185464,1.3,0.869657590519637,0.162538247518075,0.012223146569926
0,-4.00930012343451,-0.44,0.1936,0.53208494791761,0.809413405368105,0.2,0.55404171673581,-0.368382485618714,1.14752476683763
0,-3.04633255302906,0.67,0.4489,0.368351578712463,0.682113488670439,0.3,0.116281485185027,-0.216633368718319,1.87234186807448
0,-1.13032369082794,1.91,3.6481,0.847294996958226,0.190324217779562,1.5,0.625350661110133,-0.467483903658375,0.696061928757183
0,-0.289403591770679,1.3,1.69,0.839427551021799,0.408234500093386,0.7,0.3515531020239,0.855552221881842,-0.0348134603709368
0,-2.97447476815432,-0.53,0.2809,0.962026024237275,0.518483898369595,0.2,0.362427849788219,-0.642976604911679,-0.126935517062387
0,-2.18317077495158,-0.93,0.8649,0.205660212319344,0.201082041719928,1.1,0.706424043513834,-1.18948439665059,1.70127343423885
0,-1.56200739648193,0.2,0.04,0.259778832318261,0.650448166998103,0.1,0.254164705285802,-0.141309089713814,0.412368351775049
0,-2.78938545798883,0.14,0.0196,0.509221392916515,0.24147143913433,-1.9,0.0388131556101143,-0.404823181011761,-0.612533749989233
0,-4.16182223893702,1.05,1.1025,0.95792033476755,0.587597258621827,-0.1,0.281207207357511,1.37103052802366,0.556741586234896
0,-4.76524005830288,1.29,1.6641,0.514092878904194,0.649503702064976,1.3,0.153368711005896,0.768923793072382,-0.0207445255099069
0,0.186818757560104,-0.55,0.3025,0.123427948914468,0.364533477695659,1.1,0.12473347526975,-0.906763132771244,0.0632594668243494
0,-4.10350096784532,1.36,1.8496,0.682957727927715,0.639829986030236,-0.5,0.57483987044543,0.865494691614143,0.220423200324664
0,0.953011791221797,-0.21,0.0441,0.24550008145161,0.960410422645509,-0.1,0.465637758141384,0.519561650664703,1.20029310405014
0,-3.38389329891652,1.23,1.5129,0.00939973955973983,0.528597099939361,0.1,0.0530185683164746,0.269899423233413,-1.25320609673429
0,-4.58904602052644,1.48,2.1904,0.691745206248015,0.813668873393908,-2.6,0.457172291353345,0.31895498592961,-1.27800900345911
0,0.987793607637286,0.71,0.5041,0.212232369929552,0.371803094865754,-0.7,0.244913581525907,-0.582458106044721,-1.05254023370704
0,-0.377401009202003,0.28,0.0784,0.32423364627175,0.0524775965604931,0.7,0.843557632993907,0.426414907404378,-0.970953458537689
0,-4.95860317442566,1.46,2.1316,0.883548014098778,0.96785867982544,-1.1,0.851216410752386,0.836873178987613,0.00596922911945674
0,-4.73782090004534,-1,1,0.0970840281806886,0.277880997862667,-0.5,0.624655950814486,-1.29164384046494,0.228195520962854
0,-0.885782219003886,-0.33,0.1089,0.630091516999528,0.339155121240765,0.7,0.26130857761018,0.118909100415707,0.0671738934944869
0,-4.81492581358179,-0.01,0.0001,0.702996820677072,0.830593723803759,-0.7,0.0479341906029731,0.485033530673526,1.77939393187788
0,-3.27529795235023,1.3,1.69,0.411429519765079,0.999470555223525,-0.6,0.178517003078014,0.992301256211015,-1.09411097052065
0,-3.11585657438263,0.55,0.3025,0.742169812554494,0.336638101143762,-0.1,0.422248520888388,0.280943643603427,-0.748135005825253
0,-3.21533622825518,0.42,0.1764,0.208657179027796,0.755376857472584,0,0.211605193093419,0.195752589862016,-0.489081196151443
0,-2.42613757913932,0.12,0.0144,0.0180303263477981,0.503379656933248,0.3,0.0990922818891704,-2.3223932903431,0.382937835216414
0,-4.68914915248752,0.45,0.2025,0.169398989062756,0.867836530553177,0.2,0.783043902600184,-1.66202532628711,1.32899851529825
0,-0.191932642832398,-0.54,0.2916,0.788596286671236,0.88202717108652,2.6,0.724403449567035,0.882284208927184,0.474278935099458
0,-4.140676620882,1.96,3.8416,0.846705483039841,0.629372160881758,0.6,0.52949993708171,-1.68326083481377,0.238356981917761
0,-2.91984646441415,0.46,0.2116,0.986402224516496,0.716471835505217,0.9,0.720093049341813,-1.47374009385547,-0.134055417219449
0,-1.06245853053406,-0.55,0.3025,0.974214119138196,0.473427932010964,-0.3,0.424503533402458,-0.786483995669545,-1.34198424807127
0,-3.85864141816273,-0.44,0.1936,0.708127064397559,0.67852502153255,0.4,0.57498459238559,-0.117605185879419,1.52344527195063
0,0.892863216344267,-0.78,0.6084,0.603134577861056,0.402977153426036,-0.2,0.437808122951537,1.0376196196511,0.453105365194688
0,-4.90627191588283,1.3,1.69,0.390114339999855,0.706548382062465,0.3,0.524186830502003,-0.359939852521746,-0.47867075706361
0,0.0438094148412347,-0.23,0.0529,0.408146844245493,0.785017838701606,0,0.817718531936407,0.404851227962927,-0.797043253457853
0,-1.96967462915927,-0.64,0.4096,0.193933176808059,0.268766437191516,-0.4,0.897821770748124,0.69121226660637,1.09535634138687
0,-2.15367232076824,1.78,3.1684,0.254128063330427,0.458049906184897,0.8,0.205586216179654,0.586555268560567,0.245402975965083
0,-2.42417986690998,1.32,1.7424,0.205204962054268,0.0320292368996888,-0.5,0.55033882544376,1.42113659657338,-0.447072868167963
0,0.967521639540792,-0.82,0.6724,0.546321940142661,0.20161883556284,0.1,0.469959751702845,0.412108246384683,0.850505647564918
0,-2.04920769901946,1.38,1.9044,0.242664697114378,0.0163034470751882,-0.7,0.953304427443072,0.558972152948235,-0.418398212123918
0,0.415960412938148,1.1,1.21,0.000987912528216839,0.973685272270814,2.1,0.618011961691082,0.311118586859912,0.249904932287196
0,-2.70829948969185,0.92,0.8464,0.896811626385897,0.495850517880172,1,0.255876494571567,0.331797330522137,-0.231588005808877
0,-2.55534192733467,1.65,2.7225,0.5837363130413,0.981699645286426,1,0.403697215486318,-1.02323052228158,0.345422676684032
0,0.232612728141248,1.81,3.2761,0.77166032535024,0.621354831848294,3.2,0.505707652308047,0.408585486369204,-1.19706270227569
0,-0.468793582171202,1.68,2.8224,0.793472220655531,0.771178466035053,-0.8,0.526697379304096,-2.46630483684387,-0.964444392751825
0,-0.735021376051009,0.24,0.0576,0.216366361360997,0.724596539279446,0.1,0.752847940195352,-0.143313391648689,1.89338813285066
0,-0.906197095755488,0.26,0.0676,0.886944461381063,0.534226585179567,-0.5,0.176445893710479,0.811616923915955,0.165017946701408
0,-1.20526979072019,0.76,0.5776,0.0768981273286045,0.200460926629603,-0.7,0.874526977539062,-0.124555341458878,-0.881627873295098
0,-2.72296365024522,0.97,0.9409,0.487944128690287,0.248392225010321,-0.6,0.349253786029294,-0.171824894737107,1.32274014088748
0,-4.18316402845085,0.5,0.25,0.76018154527992,0.553591091418639,0,0.666178636951372,0.673169158224653,1.01408362159046
0,-0.659396485891193,-0.33,0.1089,0.757966251811013,0.0697710409294814,0.4,0.858259538887069,0.68697429198166,0.196023476667872
0,-2.60605018818751,-0.11,0.0121,0.0788185724522918,0.0158417229540646,0.2,0.342863557627425,0.314339714130311,-0.979608749889678
